Your_Roll_Number?,Gender,Age,No_of_Family_Members,Father_Status,Father_Occupation,Intermediate_College,Why_did_you_choose_DUET?,Admission,Category,Domicile,Residency,Current_Semester,Extra_Curricular_Activities,Current_Attendance,Travel_From_Which_Area_by_Subdivision,Self_Study_Time,Free_Time,Outing_with_Friends,Living_with_Family_or_Bachelor,Accommodation,Internet,Gadgets,Result_Semester,Supplements_in_recent result,GPA
D-21F-CS-01,Male,18,5,Alive,Teacher,Govt.,Interest in the Department/Field,Merit,Sindh (Rural),Larkana,Dokri,1st Sem,Other,100,64min,1.5h to 3h,3h to 4h,1h to 2h,Bachelor,Rented,Yes,"Mobile, Laptop",1st Sem,0,3.3
D-21F-CS-02,Female,18,6,Alive,Teacher,Govt.,Other,Merit,Sindh (Urban),Karachi (Urban),Karachi,1st Sem,Other,89,64min,1.5h to 3h,3h to 4h,1h to 2h,Family,Owned,Yes,"Mobile, Laptop",1st Sem,0,4
D-21F-CS-03,Male,18,5,Alive,Engineer,Govt.,Interest in the Department/Field,Merit,Sindh (Urban),Mirpur khas,Mirpurkhas,1st Sem,Not Available,87,26min,5h to 8h,6h to 10h,1h to 2h,Bachelor,Rented,Yes,"Mobile, Laptop",1st Sem,0,2.7
D-21F-CS-04,Male,18,6,Alive,Doctor,Private,Govt. Institute,Merit,Azad Kashmir,Azad Kashmir (AJK),Neelam,1st Sem,Arts,71,26min,3h to 5h,6h to 10h,0h,Bachelor,Rented,Yes,"Mobile, Laptop",1st Sem,0,3
D-21F-CS-05,Male,20,6,Alive,Other,Govt.,Interest in the Department/Field,Merit,Sindh (Urban),Karachi East,Karachi,1st Sem,Not Available,82,74min,5h to 8h,6h to 10h,1h to 2h,Family,Owned,Yes,"Mobile, Laptop",1st Sem,0,3
D-21F-CS-06,Male,18,10,Alive,Businessman,Govt.,Interest in the Department/Field,Merit,Sindh (Rural),Naushahro Feroze,Moro,1st Sem,Not Available,83,20min,8h+,4h to 6h,2h to 4h,Bachelor,Rented,Yes,"Mobile, Laptop",1st Sem,0,4
D-21F-CS-07,Male,20,7,Alive,Engineer,Govt.,Govt. Institute,Merit,Sindh (Rural),Dadu,Dadu,1st Sem,Not Available,73,64min,3h to 5h,3h to 4h,0h,Bachelor,Owned,Yes,"Mobile, Laptop",1st Sem,0,4
D-21F-CS-08,Female,18,5,Alive,Other,Govt.,Interest in the Department/Field,Merit,Sindh (Rural),Shikarpur,Karachi,1st Sem,Not Available,93,26min,5h to 8h,4h to 6h,0h,Family,Rented,Yes,"Mobile, Laptop",1st Sem,0,4
D-21F-CS-09,Female,18,9,Alive,Other,Govt.,Interest in the Department/Field,Merit,Sindh (Urban),Karachi West,Karachi,1st Sem,Not Available,93,64min,1h to 1.5h,3h to 4h,0h,Family,Owned,Yes,"Mobile, Laptop",1st Sem,0,4
D-21F-CS-10,Male,19,5,Alive,Other,Private,Popularity,Merit,Sindh (Rural),Umerkot,Umerkot,1st Sem,Other,88,48min,1.5h to 3h,4h to 6h,0h,Bachelor,Rented,Yes,Mobile,1st Sem,0,4
D-21F-CS-11,Male,21,7,Alive,Other,Private,Govt. Institute,Merit,Sindh (Rural),Sanghar,Shahdadpur,1st Sem,Other,84,26min,1.5h to 3h,6h to 10h,1h to 2h,Bachelor,Rented,Yes,"Mobile, Laptop",1st Sem,0,4
D-21F-CS-12,Male,19,5,Alive,Teacher,Govt.,Govt. Institute,Merit,Sindh (Urban),Karachi East,Karachi,1st Sem,Not Available,84,26min,3h to 5h,3h to 4h,2h to 4h,Family,Owned,Yes,"Mobile, Computer",1st Sem,0,4
D-21F-CS-13,Male,18,3,Decease,Not Applicable,Govt.,Govt. Institute,Merit,Sindh (Urban),Karachi South,Karachi,1st Sem,Lecture Competition,84,20min,1h to 1.5h,3h to 4h,0h,Family,Owned,Yes,"Mobile, Laptop, Computer",1st Sem,0,3.3
D-21F-CS-14,Male,18,6,Alive,Businessman,Private,Other,Merit,Sindh (Urban),Karachi North,Karachi,1st Sem,Not Available,87,46min,5h to 8h,6h to 10h,2h to 4h,Family,Owned,Yes,"Mobile, Laptop",1st Sem,0,2.7
D-21F-CS-15,Male,19,5,Alive,Businessman,Private,Govt. Institute,Merit,Sindh (Urban),Karachi North,Karachi,1st Sem,Debate/Seminar,76,46min,3h to 5h,6h to 10h,1h to 2h,Family,Owned,Yes,Mobile,1st Sem,0,2.7
D-21F-CS-16,Male,19,7,Alive,Doctor,Govt.,Interest in the Department/Field,Merit,Azad Kashmir,Azad Kashmir (AJK),Neelam,1st Sem,Not Available,76,46min,1.5h to 3h,3h to 4h,0h,Bachelor,Rented,Yes,"Mobile, Laptop",1st Sem,0,3.7
D-21F-CS-17,Female,19,7,Alive,Other,Govt.,Govt. Institute,Merit,Sindh (Rural),Umerkot,Umerkot,1st Sem,Not Available,77,58min,8h+,6h to 10h,0h,Bachelor,Rented,Yes,"Mobile, Laptop, Printer",1st Sem,0,3
D-21F-CS-18,Male,20,5,Alive,Engineer,Private,Interest in the Department/Field,Merit,Sindh (Urban),Karachi North,Karachi,1st Sem,Arts,78,46min,3h to 5h,4h to 6h,0h,Family,Owned,Yes,Mobile,1st Sem,0,3.3
D-21F-CS-19,Male,20,6,Alive,Other,Govt.,Other,Merit,Sindh (Rural),Mirpur khas,Mirpurkhas,1st Sem,Other,76,26min,5h to 8h,6h to 10h,1h to 2h,Bachelor,Owned,Yes,"Mobile, Laptop",1st Sem,0,3
D-21F-CS-20,Male,18,5,Alive,Businessman,Private,Popularity,Merit,Sindh (Urban),Karachi North,Karachi,1st Sem,Not Available,87,20min,1.5h to 3h,4h to 6h,2h to 4h,Family,Rented,Yes,Mobile,1st Sem,0,3.3
D-21F-CS-21,Male,19,6,Alive,"Services (i.e. Police, Railways, Administrative etc.)",Govt.,,Merit,DAE Sindh (Urban/Rural),Umerkot,Umerkot,1st Sem,Not Available,88,48min,1.5h to 3h,6h to 10h,2h to 4h,Bachelor,Rented,Yes,"Mobile, Laptop",1st Sem,0,3.7
D-21F-CS-22,Male,20,5,Alive,Teacher,Govt.,Interest in the Department/Field,Self-Finance,Self Finance (LOCAL),Karachi North,Karachi,1st Sem,Debate/Seminar,89,54min,5h to 8h,3h to 4h,0h,Family,Rented,Yes,"Mobile, Laptop",1st Sem,0,3.7
D-21F-CS-23,Male,18,7,Alive,Engineer,Govt.,Interest in the Department/Field,Merit,Sindh (Urban),Karachi East,Karachi,1st Sem,Debate/Seminar,85,40min,3h to 5h,6h to 10h,1h to 2h,Family,Owned,Yes,"Mobile, Laptop",1st Sem,0,2.3
D-21F-CS-24,Male,19,5,Alive,"Services (i.e. Police, Railways, Administrative etc.)",Govt.,,Self-Finance,Self Finance (LOCAL),Karachi North,Karachi,1st Sem,Not Available,89,64min,3h to 5h,3h to 4h,0h,Family,Owned,Yes,Mobile,1st Sem,0,4
D-21F-CS-25,Male,20,5,Alive,Teacher,Govt.,Interest in the Department/Field,Merit,Sindh (Urban),Karachi East,Karachi,1st Sem,Other,86.6,64min,1h to 1.5h,3h to 4h,1h to 2h,Family,Owned,Yes,"Mobile, Computer",1st Sem,0,3
D-21F-CS-26,Male,20,7,Alive,Engineer,Private,Govt. Institute,Self-Finance,Self Finance (LOCAL),Karachi North,Karachi,1st Sem,Not Available,71,64min,8h+,4h to 6h,2h to 4h,Family,Owned,Yes,Mobile,1st Sem,0,4
D-21F-CS-27,Female,18,5,Alive,Other,Private,Govt. Institute,Self-Finance,Self Finance (LOCAL),Karachi East,Karachi,1st Sem,Not Available,92,64min,3h to 5h,3h to 4h,0h,Family,Owned,Yes,"Mobile, Laptop",1st Sem,0,3.7
D-21F-CS-28,Male,18,8,Alive,Other,Private,Interest in the Department/Field,Merit,Sindh (Urban),Karachi West,Karachi,1st Sem,Other,87,26min,1.5h to 3h,6h to 10h,0h,Family,Owned,Yes,"Mobile, Laptop, Printer",1st Sem,0,3.3
D-21F-CS-30,Male,19,9,Alive,Doctor,Private,Govt. Institute,Merit,Sindh (Urban),Malir,Karachi,1st Sem,Arts,87,48min,5h to 8h,3h to 4h,1h to 2h,Family,Owned,Yes,"Mobile, Laptop",1st Sem,0,3.3
D-21F-CS-31,Male,19,3,Decease,Businessman,Private,Govt. Institute,Self-Finance,Sindh (Rural),Tando Allahyar,Hyderabad,1st Sem,Other,76,26min,1.5h to 3h,6h to 10h,1h to 2h,Bachelor,Rented,Yes,"Mobile, Laptop",1st Sem,0,3.7
D-21F-CS-32,Male,19,7,Alive,Teacher,Private,Interest in the Department/Field,Self-Finance,Self Finance (LOCAL),Malir,Karachi,1st Sem,Not Available,89,58min,1.5h to 3h,6h to 10h,0h,Family,Owned,Yes,"Mobile, Laptop, Printer",1st Sem,0,3.7
D-21F-CS-33,Male,19,6,Alive,Teacher,Private,Interest in the Department/Field,Self-Finance,Sindh (Rural),Sanghar,Mirpurkhas,1st Sem,Other,79,26min,8h+,3h to 4h,0h,Bachelor,Rented,Yes,"Mobile, Laptop",1st Sem,0,4
D-21F-CS-34,Male,19,5,Alive,Businessman,Govt.,Interest in the Department/Field,Self-Finance,Self Finance (LOCAL),Hyderabad (Urban),Hyderabad,1st Sem,Not Available,89,20min,3h to 5h,4h to 6h,1h to 2h,Bachelor,Rented,Yes,"Mobile, Laptop",1st Sem,0,4
D-21F-CS-35,Male,21,6,Alive,Engineer,Govt.,Interest in the Department/Field,Self-Finance,Self Finance (LOCAL),Karachi Central,Karachi,1st Sem,Not Available,78,46min,1.5h to 3h,3h to 4h,0h,Family,Owned,Yes,"Mobile, Laptop, Computer, Printer",1st Sem,0,3
D-21F-CS-36,Male,20,6,Alive,Businessman,Govt.,Govt. Institute,Merit,Balochistan (Nominee),Balochistan,Turbat,1st Sem,Arts,81,48min,8h+,3h to 4h,2h to 4h,Bachelor,Rented,Yes,"Mobile, Laptop",1st Sem,0,3.3
D-21F-CS-38,Male,18,7,Alive,Engineer,Private,Other,Self-Finance,Self Finance (LOCAL),Karachi West,Karachi,1st Sem,Other,71,64min,5h to 8h,6h to 10h,0h,Family,Owned,Yes,"Mobile, Laptop",1st Sem,0,3.3
D-21F-CS-39,Male,18,3,Alive,Teacher,Private,Popularity,Self-Finance,Self Finance (LOCAL),Karachi (Rural),Karachi,1st Sem,Not Available,81,26min,1.5h to 3h,3h to 4h,1h to 2h,Family,Owned,Yes,"Mobile, Laptop",1st Sem,1,4
D-21F-CS-40,Male,20,5,Alive,Teacher,Private,Other,Merit,Sindh (Rural),Mirpur khas,Mirpurkhas,1st Sem,Not Available,71,26min,1.5h to 3h,3h to 4h,2h to 4h,Bachelor,Rented,Yes,Mobile,1st Sem,0,2.7
D-21F-CS-41,Male,18,8,Alive,Other,Govt.,Govt. Institute,Self-Finance,Self Finance (LOCAL),Malir,Karachi,1st Sem,Debate/Seminar,76,64min,3h to 5h,3h to 4h,1h to 2h,Family,Rented,Yes,"Mobile, Laptop, Printer",1st Sem,0,2.7
D-21F-CS-42,Female,18,7,Alive,Businessman,Govt.,Interest in the Department/Field,Merit,Sindh (Rural),Sanghar,Sanghar,1st Sem,Not Available,77,46min,1.5h to 3h,3h to 4h,0h,Bachelor,Rented,Yes,"Mobile, Laptop",1st Sem,0,2.7
D-21F-CS-43,Male,19,9,Decease,Not Applicable,Govt.,Govt. Institute,Merit,Sindh (Urban),Karachi Central,Karachi,1st Sem,Other,55,58min,5h to 8h,3h to 4h,0h,Family,Owned,Yes,"Mobile, Laptop",1st Sem,0,4
D-21F-CS-44,Male,20,9,Alive,Engineer,Private,Interest in the Department/Field,Self-Finance,Self Finance (LOCAL),Karachi North,Karachi,1st Sem,Arts,76,58min,1.5h to 3h,6h to 10h,1h to 2h,Family,Owned,Yes,"Mobile, Laptop",1st Sem,0,2.7
D-21F-CS-45,Male,19,6,Alive,Teacher,Private,Other,Merit,FATA,KHYBER P.K (KPK),Kohat,1st Sem,Not Available,77,64min,5h to 8h,6h to 10h,0h,Bachelor,Rented,Yes,"Mobile, Laptop",1st Sem,0,3
D-21F-CS-46,Male,19,5,Alive,Engineer,Private,Interest in the Department/Field,Self-Finance,Sindh (Rural),Qambar Shahdadkot,Karachi,1st Sem,Arts,70,40min,1.5h to 3h,6h to 10h,1h to 2h,Family,Owned,No,Mobile,1st Sem,0,3.3
D-21F-CS-47,Male,19,5,Alive,Doctor,Govt.,Govt. Institute,Merit,FATA,KHYBER P.K (KPK),Kohat,1st Sem,Other,76,64min,1.5h to 3h,3h to 4h,1h to 2h,Bachelor,Rented,Yes,"Mobile, Laptop",1st Sem,0,3.3
D-21F-CS-48,Male,20,6,Alive,Other,Private,Interest in the Department/Field,Merit,Sindh (Rural),Mirpur khas,Mirpurkhas,1st Sem,Not Available,77,64min,3h to 5h,3h to 4h,0h,Bachelor,Rented,Yes,"Mobile, Laptop",1st Sem,0,3.3
D-21F-CS-49,Male,19,6,Decease,Other,Private,Interest in the Department/Field,Merit,Gilgit Baltistan (Nominee),Gilgit Baltistan,Gilgit,1st Sem,Other,100,20min,3h to 5h,3h to 4h,4h to 6h,Family,Rented,Yes,"Mobile, Laptop",1st Sem,0,2.7
D-21F-CS-50,Male,18,6,Alive,Businessman,Govt.,Interest in the Department/Field,Merit,Gilgit Baltistan (Nominee),Gilgit Baltistan,Gilgit,1st Sem,Other,85,20min,3h to 5h,3h to 4h,1h to 2h,Bachelor,Rented,Yes,Mobile,1st Sem,0,3.3
D-20F-CS-02,Female,18,6,Alive,Teacher,Govt.,Interest in the Department/Field,Merit,Sindh (Rural),Mirpur khas,Mirpurkhas,3rd Sem,Not Available,84,58min,1h to 1.5h,3h to 4h,0h,Family,Owned,Yes,"Mobile, Laptop, Computer",1st Sem,0,3.74
D-20F-CS-03,Male,20,4,Alive,Unemployed,Govt.,Interest in the Department/Field,Merit,Sindh (Urban),Karachi (Urban),Karachi,3rd Sem,Other,83,26min,3h to 5h,,0h,Family,Owned,Yes,"Mobile, Laptop",1st Sem,0,3.81
D-20F-CS-04,Male,21,6,Alive,Businessman,Govt.,Interest in the Department/Field,Merit,Sindh (Urban),Karachi Central,Karachi,3rd Sem,Other,76,38min,1.5h to 3h,3h to 4h,0h,Family,Owned,Yes,"Mobile, Laptop",1st Sem,0,3.77
D-20F-CS-05,Male,20,6,Alive,Not Applicable,Govt.,Other,Merit,Sindh (Rural),Dadu,Dadu,3rd Sem,Other,72,64min,1h to 1.5h,3h to 4h,0h,Family,Owned,Yes,"Mobile, Laptop",1st Sem,0,2.73
D-20F-CS-06,Male,19,4,Alive,Engineer,Govt.,Interest in the Department/Field,Merit,FATA,FATA,North Wazirabad,3rd Sem,Not Available,77,12min,1.5h to 3h,3h to 4h,1h to 2h,Family,Owned,Yes,"Mobile, Laptop",1st Sem,0,3.11
D-20F-CS-07,Male,20,4,Decease,Retired,Govt.,Govt. Institute,Merit,Sindh (Rural),Mirpur khas,Karachi,3rd Sem,Not Available,80,26min,1.5h to 3h,3h to 4h,0h,Family,Rented,Yes,"Mobile, Laptop",1st Sem,0,3.41
D-20F-CS-08 ,Male,19,14,Alive,Teacher,Govt.,Govt. Institute,Merit,FATA,FATA,Lakki Marwat,3rd Sem,Lecture Competition,65,44min,3h to 5h,3h to 4h,1h to 2h,Bachelor,Rented,Yes,"Mobile, Laptop",1st Sem,0,3.32
D-20F-CS-09,Male,20,8,Alive,Businessman,Private,Other,Merit,Sindh (Rural),Sukkur (Rural),Thari mirwah,3rd Sem,Not Available,75,40min,1.5h to 3h,3h to 4h,0h,Bachelor,Rented,Yes,"Mobile, Computer",1st Sem,0,2.51
D-20F-CS-10,Male,19,4,Alive,Other,Govt.,Govt. Institute,Merit,Azad Kashmir,Azad Kashmir (AJK),Neelam,3rd Sem,Other,76,26min,1h to 1.5h,3h to 4h,0h,Bachelor,Rented,Yes,"Mobile, Laptop",1st Sem,0,2.71
D-20F-CS-11,Female,20,5,Alive,Businessman,Govt.,Other,Merit,Sindh (Urban),Karachi Central,Karachi,3rd Sem,Debate/Seminar,84,58min,3h to 5h,3h to 4h,2h to 4h,Family,Owned,Yes,"Mobile, Laptop, Computer",1st Sem,0,3.74
D-20F-CS-12,Female,20,6,Alive,Businessman,,Govt. Institute,Merit,Sindh (Rural),Karachi (Urban),Karachi,3rd Sem,Other,80,48min,3h to 5h,4h to 6h,1h to 2h,Family,Owned,Yes,"Mobile, Laptop",1st Sem,0,3.31
D-20F-CS-14,Male,18,4,Alive,"Services (i.e. Police, Railways, Administrative etc.)",Govt.,Interest in the Department/Field,Merit,Sindh (Rural),Larkana,Larkana,3rd Sem,Other,83,26min,1.5h to 3h,3h to 4h,0h,Family,Owned,Yes,"Mobile, Laptop",1st Sem,1,3.32
D-20F-CS-15,Male,19,5,Alive,Other,Private,Interest in the Department/Field,Merit,Sindh (Rural),Qambar Shahdadkot,Kamber Shahdatkot,3rd Sem,Not Available,88,26min,1.5h to 3h,3h to 4h,0h,Bachelor,Rented,Yes,"Mobile, Laptop",1st Sem,0,3.18
D-20F-CS-16,Male,20,3,Alive,Not Applicable,Govt.,Other,Merit,Sindh (Rural),Shaheed Benazirabad,Nawabshah,3rd Sem,Other,70,12min,1.5h to 3h,3h to 4h,1h to 2h,Family,Owned,Yes,"Mobile, Laptop, Computer",1st Sem,0,3.64
D-20F-CS-19,Male,17,6,Alive,"Services (i.e. Police, Railways, Administrative etc.)",Govt.,Interest in the Department/Field,Merit,Sindh (Urban),Karachi East,Karachi,3rd Sem,Other,78,38min,8h+,3h to 4h,0h,Family,Rented,Yes,"Mobile, Laptop, Computer, Printer",1st Sem,0,2.9
D-20F-CS-20,Male,19,6,Alive,Teacher,Private,Other,Merit,Sindh (Rural),Naushahro Feroze,Kandiaro,3rd Sem,Not Available,80,54min,3h to 5h,6h to 10h,0h,Family,Rented,Yes,"Mobile, Laptop",1st Sem,1,2.97
D-20F-CS-21,Male,21,5,Alive,Other,Private,Other,Merit,Sindh (Urban),Karachi (Urban),Karachi,3rd Sem,Not Available,83,20min,1h to 1.5h,4h to 6h,0h,Family,Owned,Yes,"Mobile, Laptop",1st Sem,0,2.97
D-20F-CS-22,Female,19,6,Alive,Retired,Govt.,Interest in the Department/Field,Merit,Sindh (Rural),Naushahro Feroze,Karachi,3rd Sem,Not Available,85,54min,1h to 1.5h,3h to 4h,1h to 2h,Family,Owned,No,Mobile,1st Sem,0,3.74
D-20F-CS-23,Male,19,6,Alive,Engineer,Private,Interest in the Department/Field,Merit,Sindh (Urban),Karachi (Urban),Karachi,3rd Sem,Not Available,80,64min,1.5h to 3h,3h to 4h,1h to 2h,Family,Owned,Yes,"Mobile, Laptop",1st Sem,0,3.46
D-20F-CS-24,Male,19,5,Alive,Businessman,Govt.,Interest in the Department/Field,Merit,Sindh (Urban),Malir,Karachi,3rd Sem,Not Available,73,64min,3h to 5h,3h to 4h,2h to 4h,Family,Rented,Yes,"Mobile, Laptop, Computer",1st Sem,0,3.79
D-20F-CS-25,Female,20,6,Alive,Businessman,Private,Govt. Institute,Merit,Sindh (Urban),Karachi (Urban),Karachi,3rd Sem,Not Available,78,12min,3h to 5h,3h to 4h,2h to 4h,Bachelor,Rented,Yes,"Mobile, Laptop",1st Sem,0,3.76
D-20F-CS-27,Female,19,2,Decease,Not Applicable,Govt.,Govt. Institute,Merit,Sindh (Urban),Karachi South,Karachi,3rd Sem,Other,80,12min,8h+,3h to 4h,1h to 2h,Family,Owned,Yes,"Mobile, Laptop",1st Sem,0,3.78
D-20F-CS-28,Male,18,8,Alive,Labor,Private,Govt. Institute,Merit,Sindh (Rural),Sukkur (Rural),Rohri,3rd Sem,Not Available,80,58min,1.5h to 3h,3h to 4h,0h,Bachelor,Rented,Yes,"Mobile, Laptop, Printer",1st Sem,0,3.43
D-20F-CS-29,Male,20,6,Alive,Other,Private,Govt. Institute,Merit,Sindh (Rural),Umerkot,Kunri,3rd Sem,Other,86,26min,1h to 1.5h,3h to 4h,0h,Bachelor,Rented,Yes,"Mobile, Laptop",1st Sem,0,2.79
D-20F-CS-30,Male,22,5,Alive,Doctor,Private,Interest in the Department/Field,Self-Finance,Sindh (Urban),Karachi South,Karachi,3rd Sem,Other,83,48min,1h to 1.5h,3h to 4h,1h to 2h,Family,Owned,Yes,"Mobile, Laptop, Printer",1st Sem,0,3.27
D-20F-CS-31,Female,19,4,Alive,Other,Govt.,Other,Merit,GHQ,Gilgit Baltistan,Gilgit,3rd Sem,Not Available,80,26min,1h to 1.5h,4h to 6h,0h,Family,Owned,Yes,"Mobile, Laptop",1st Sem,0,3.81
D-20F-CS-32,Male,20,5,Alive,Businessman,Private,Interest in the Department/Field,Self-Finance,Self Finance (LOCAL),Hyderabad (Urban),Hyderabad,3rd Sem,Not Available,82,68min,1.5h to 3h,6h to 10h,0h,Bachelor,Rented,Yes,"Mobile, Laptop",1st Sem,1,3.32
D-20F-CS-33,Female,20,4,Alive,Other,Govt.,Interest in the Department/Field,Merit,Sindh (Urban),Karachi West,Karachi,3rd Sem,Not Available,86,64min,1.5h to 3h,3h to 4h,0h,Family,Owned,Yes,"Mobile, Laptop",1st Sem,0,3.68
D-20F-CS-34,Female,18,6,Alive,Teacher,Private,Interest in the Department/Field,Merit,Sindh (Rural),Mirpur khas,Mirpurkhas,3rd Sem,Other,78,54min,1.5h to 3h,3h to 4h,0h,Family,Owned,Yes,"Mobile, Laptop",1st Sem,0,3.09
D-20F-CS-35,Male,19,4,Alive,Other,Private,Govt. Institute,Merit,Gilgit Baltistan (Nominee),Gilgit Baltistan,Gilgit,3rd Sem,Not Available,77,20min,1.5h to 3h,4h to 6h,0h,Bachelor,Rented,Yes,"Mobile, Laptop",1st Sem,0,2.21
D-20F-CS-36,Female,18,5,Alive,Doctor,Private,Interest in the Department/Field,Merit,Sindh (Urban),Karachi (Urban),Karachi,3rd Sem,Debate/Seminar,80,26min,1h to 1.5h,3h to 4h,1h to 2h,Family,Owned,Yes,"Mobile, Laptop",1st Sem,0,3.71
19/F-CS-01,Male,22,6,Alive,Other,Govt.,Interest in the Department/Field,Merit,Sindh (Rural),Tharparkar,Tharparkar,5th Sem,Not Available,80,20min,1h to 1.5h,4h to 6h,0h,Family,Rented,Yes,"Mobile, Laptop, Printer",1st Sem,0,2.85
19/F-CS-01,Male,22,6,Alive,Other,Govt.,Interest in the Department/Field,Merit,Sindh (Rural),Tharparkar,Tharparkar,5th Sem,Not Available,80,20min,1h to 1.5h,3h to 4h,1h to 2h,Family,Rented,Yes,"Mobile, Laptop, Printer",2nd Sem,1,3.32
19/F-CS-01,Male,22,6,Alive,Other,Govt.,Interest in the Department/Field,Merit,Sindh (Rural),Tharparkar,Tharparkar,5th Sem,Not Available,80,20min,1h to 1.5h,4h to 6h,0h,Family,Rented,Yes,"Mobile, Laptop, Printer",3rd Sem,4,3.32
19/F-CS-02,Male,22,7,Alive,Unemployed,Govt.,Govt. Institute,Merit,Sindh (Rural),Umerkot,Chhore cantt,5th Sem,Not Available,78,58min,3h to 5h,3h to 4h,1h to 2h,Bachelor,Rented,Yes,"Mobile, Laptop",1st Sem,0,3.15
19/F-CS-02,Male,22,7,Alive,Unemployed,Govt.,Govt. Institute,Merit,Sindh (Rural),Umerkot,Chhore cantt,5th Sem,Not Available,78,58min,3h to 5h,3h to 4h,1h to 2h,Bachelor,Rented,Yes,"Mobile, Laptop",2nd Sem,0,3.82
19/F-CS-02,Male,22,7,Alive,Unemployed,Govt.,Govt. Institute,Merit,Sindh (Rural),Umerkot,Chhore cantt,5th Sem,Not Available,78,58min,3h to 5h,3h to 4h,1h to 2h,Bachelor,Rented,Yes,"Mobile, Laptop",3rd Sem,0,2.93
D-19/F-CS-03,Male,23,8,Alive,Retired,Govt.,Govt. Institute,Merit,Sindh (Urban),Karachi (Urban),Karachi,5th Sem,Not Available,75,68min,3h to 5h,3h to 4h,1h to 2h,Family,Owned,Yes,"Mobile, Computer, Printer",1st Sem,0,3.65
D-19/F-CS-03,Male,23,8,Alive,Retired,Govt.,Govt. Institute,Merit,Sindh (Urban),Karachi (Urban),Karachi,5th Sem,Not Available,75,68min,,3h to 4h,0h,Family,Owned,Yes,"Mobile, Computer, Printer",2nd Sem,0,3.74
D-19/F-CS-03,Male,23,8,Alive,Retired,Govt.,Govt. Institute,Merit,Sindh (Urban),Karachi (Urban),Karachi,5th Sem,Not Available,75,68min,1h to 1.5h,3h to 4h,0h,Family,Owned,Yes,"Mobile, Computer, Printer",3rd Sem,0,3.46
D-19/F-CS-04,Male,21,5,Decease,Other,Private,Interest in the Department/Field,Merit,Sindh (Rural),Tando Allahyar,Tando Allahyar,5th Sem,Not Available,90,28min,1h to 1.5h,6h to 10h,0h,Family,Rented,Yes,"Mobile, Laptop, Printer",1st Sem,0,4
D-19/F-CS-04,Male,21,5,Decease,Other,Private,Interest in the Department/Field,Merit,Sindh (Rural),Tando Allahyar,Tando Allahyar,5th Sem,Not Available,90,28min,1h to 1.5h,3h to 4h,1h to 2h,Family,Rented,Yes,"Mobile, Laptop, Printer",2nd Sem,0,3.91
D-19/F-CS-04,Male,21,5,Decease,Other,Private,Interest in the Department/Field,Merit,Sindh (Rural),Tando Allahyar,Tando Allahyar,5th Sem,Not Available,90,28min,1h to 1.5h,3h to 4h,1h to 2h,Family,Rented,Yes,"Mobile, Laptop, Printer",3rd Sem,0,3.83
D-19/F-CS-06,Male,20,6,Alive,Other,Private,Govt. Institute,Merit,Sindh (Rural),Umerkot,Kunri,5th Sem,Not Available,68,26min,1h to 1.5h,3h to 4h,2h to 4h,Bachelor,Rented,Yes,"Mobile, Laptop, Computer",1st Sem,0,3
D-19/F-CS-06,Male,20,6,Alive,Other,Private,Govt. Institute,Merit,Sindh (Rural),Umerkot,Kunri,5th Sem,Not Available,68,26min,1h to 1.5h,3h to 4h,1h to 2h,Bachelor,Rented,Yes,"Mobile, Laptop, Computer",2nd Sem,0,3.45
D-19/F-CS-06,Male,20,6,Alive,Other,Private,Govt. Institute,Merit,Sindh (Rural),Umerkot,Kunri,5th Sem,Not Available,68,26min,1h to 1.5h,3h to 4h,1h to 2h,Bachelor,Rented,Yes,"Mobile, Laptop, Computer",3rd Sem,0,2.33
19/F-CS-07,Male,23,6,Alive,Other,Govt.,Interest in the Department/Field,Merit,Sindh (Rural),Sanghar,Khipro,5th Sem,Other,87,64min,3h to 5h,4h to 6h,1h to 2h,Family,Rented,Yes,"Mobile, Laptop",1st Sem,0,2.5
19/F-CS-07,Male,23,6,Alive,Other,Govt.,Interest in the Department/Field,Merit,Sindh (Rural),Sanghar,Khipro,5th Sem,Other,87,64min,3h to 5h,3h to 4h,1h to 2h,Family,Rented,Yes,"Mobile, Laptop",2nd Sem,2,2.5
19/F-CS-07,Male,23,6,Alive,Other,Govt.,Interest in the Department/Field,Merit,Sindh (Rural),Sanghar,Khipro,5th Sem,Other,87,64min,3h to 5h,3h to 4h,0h,Family,Rented,Yes,"Mobile, Laptop",3rd Sem,3,2.5
D-19/F-CS-09,Male,21,5,Alive,Doctor,Govt.,Interest in the Department/Field,Merit,Sindh (Urban),Karachi (Urban),Karachi,5th Sem,Other,75,64min,1h to 1.5h,3h to 4h,2h to 4h,Family,Owned,Yes,Mobile,1st Sem,0,3
D-19/F-CS-09,Male,21,5,Alive,Doctor,Govt.,Interest in the Department/Field,Merit,Sindh (Urban),Karachi (Urban),Karachi,5th Sem,Other,75,64min,3h to 5h,4h to 6h,1h to 2h,Family,Owned,Yes,Mobile,2nd Sem,0,2.75
D-19/F-CS-09,Male,21,5,Alive,Doctor,Govt.,Interest in the Department/Field,Merit,Sindh (Urban),Karachi (Urban),Karachi,5th Sem,Other,75,64min,1h to 1.5h,3h to 4h,2h to 4h,Family,Owned,Yes,Mobile,3rd Sem,0,2.51
D-19/F-CS-10,Female,21,5,Alive,Unemployed,Private,Interest in the Department/Field,Merit,Sindh (Urban),Karachi (Urban),Karachi,5th Sem,Arts,67,26min,1h to 1.5h,3h to 4h,1h to 2h,Family,Owned,Yes,"Mobile, Computer",1st Sem,0,3.85
D-19/F-CS-10,Female,21,5,Alive,Unemployed,Private,Interest in the Department/Field,Merit,Sindh (Urban),Karachi (Urban),Karachi,5th Sem,Arts,67,26min,1h to 1.5h,4h to 6h,1h to 2h,Family,Owned,Yes,"Mobile, Computer",2nd Sem,0,3.65
D-19/F-CS-10,Female,21,5,Alive,Unemployed,Private,Interest in the Department/Field,Merit,Sindh (Urban),Karachi (Urban),Karachi,5th Sem,Arts,67,26min,1h to 1.5h,3h to 4h,1h to 2h,Family,Owned,Yes,"Mobile, Computer",3rd Sem,0,3.21
D-19/F-CS-11,Male,20,4,Alive,Other,Govt.,Other,Merit,Sindh (Rural),Larkana,Karachi,5th Sem,Other,72,46min,1.5h to 3h,3h to 4h,0h,Family,Rented,Yes,"Mobile, Laptop",1st Sem,0,3.28
D-19/F-CS-11,Male,20,4,Alive,Other,Govt.,Other,Merit,Sindh (Rural),Larkana,Karachi,5th Sem,Other,72,46min,1.5h to 3h,3h to 4h,0h,Family,Rented,Yes,"Mobile, Laptop",2nd Sem,1,3.28
D-19/F-CS-11,Male,20,4,Alive,Other,Govt.,Other,Merit,Sindh (Rural),Larkana,Karachi,5th Sem,Other,72,46min,1.5h to 3h,3h to 4h,0h,Family,Rented,Yes,"Mobile, Laptop",3rd Sem,3,3.28
D-19/F-CS-12,Male,21,8,Alive,Retired,Private,Interest in the Department/Field,Merit,Sindh (Urban),Karachi (Urban),Karachi,5th Sem,Other,90,120min,1h to 1.5h,4h to 6h,0h,Family,Owned,Yes,"Mobile, Laptop, Computer",1st Sem,0,3
D-19/F-CS-12,Male,21,8,Alive,Retired,Private,Interest in the Department/Field,Merit,Sindh (Urban),Karachi (Urban),Karachi,5th Sem,Other,90,120min,1h to 1.5h,4h to 6h,0h,Family,Owned,Yes,"Mobile, Laptop, Computer",2nd Sem,0,3.35
D-19/F-CS-12,Male,21,8,Alive,Retired,Private,Interest in the Department/Field,Merit,Sindh (Urban),Karachi (Urban),Karachi,5th Sem,Other,90,120min,1h to 1.5h,4h to 6h,0h,Family,Owned,Yes,"Mobile, Laptop, Computer",3rd Sem,0,3.01
19/F-CS-13,Male,22,7,Alive,Unemployed,Govt.,Govt. Institute,Merit,Sindh (Urban),Shikarpur,Larkana,5th Sem,Not Available,80,74min,3h to 5h,4h to 6h,1h to 2h,Bachelor,Rented,Yes,"Mobile, Laptop, Printer",1st Sem,0,3
19/F-CS-13,Male,22,7,Alive,Unemployed,Govt.,Govt. Institute,Merit,Sindh (Urban),Shikarpur,Larkana,5th Sem,Not Available,80,74min,3h to 5h,4h to 6h,1h to 2h,Bachelor,Rented,Yes,"Mobile, Laptop, Printer",2nd Sem,0,3.45
19/F-CS-13,Male,22,7,Alive,Unemployed,Govt.,Govt. Institute,Merit,Sindh (Urban),Shikarpur,Larkana,5th Sem,Not Available,80,74min,3h to 5h,4h to 6h,1h to 2h,Bachelor,Rented,Yes,"Mobile, Laptop, Printer",3rd Sem,0,2.89
D-19/F-CS-14,Male,19,7,Alive,Retired,Govt.,Interest in the Department/Field,Merit,Sindh (Urban),Karachi (Urban),Karachi,5th Sem,Other,90,64min,1h to 1.5h,4h to 6h,1h to 2h,Family,Owned,Yes,"Mobile, Laptop, Computer, Printer",1st Sem,0,4
D-19/F-CS-14,Male,19,7,Alive,Retired,Govt.,Interest in the Department/Field,Merit,Sindh (Urban),Karachi (Urban),Karachi,5th Sem,Other,90,64min,1h to 1.5h,4h to 6h,1h to 2h,Family,Owned,Yes,"Mobile, Laptop, Computer, Printer",2nd Sem,0,3.86
D-19/F-CS-14,Male,19,7,Alive,Retired,Govt.,Interest in the Department/Field,Merit,Sindh (Urban),Karachi (Urban),Karachi,5th Sem,Other,90,64min,3h to 5h,3h to 4h,2h to 4h,Family,Owned,Yes,"Mobile, Laptop, Computer, Printer",3rd Sem,0,3.81
D-19/F-CS-15,Male,21,4,Alive,Engineer,Govt.,Other,Merit,DAE Sindh (Urban/Rural),Larkana,Karachi,5th Sem,Arts,75,54min,1h to 1.5h,3h to 4h,0h,Family,Owned,Yes,"Mobile, Laptop",1st Sem,0,3.5
D-19/F-CS-15,Male,21,4,Alive,Engineer,Govt.,Other,Merit,DAE Sindh (Urban/Rural),Larkana,Karachi,5th Sem,Arts,75,54min,0h,10h+,1h to 2h,Family,Owned,Yes,"Mobile, Laptop",2nd Sem,0,3.02
D-19/F-CS-15,Male,21,4,Alive,Engineer,Govt.,Other,Merit,DAE Sindh (Urban/Rural),Larkana,Karachi,5th Sem,Arts,75,54min,0h,10h+,1h to 2h,Family,Owned,Yes,"Mobile, Laptop",3rd Sem,1,3.28
19/F-CS-16,Male,22,6,Alive,Other,Private,Interest in the Department/Field,Merit,Sindh (Urban),Hyderabad (Urban),Hyderabad,5th Sem,Not Available,78,20min,3h to 5h,3h to 4h,0h,Bachelor,Rented,Yes,"Mobile, Laptop",1st Sem,0,4
19/F-CS-16,Male,22,6,Alive,Other,Private,Interest in the Department/Field,Merit,Sindh (Urban),Hyderabad (Urban),Hyderabad,5th Sem,Not Available,78,20min,3h to 5h,4h to 6h,1h to 2h,Bachelor,Rented,Yes,"Mobile, Laptop",2nd Sem,0,3.98
19/F-CS-16,Male,22,6,Alive,Other,Private,Interest in the Department/Field,Merit,Sindh (Urban),Hyderabad (Urban),Hyderabad,5th Sem,Not Available,78,20min,1h to 1.5h,3h to 4h,1h to 2h,Bachelor,Rented,Yes,"Mobile, Laptop",3rd Sem,0,3.76
D-19/F-CS-17,Male,21,6,Alive,Other,Govt.,Interest in the Department/Field,Merit,Balochistan (Nominee),Balochistan,Kharan,5th Sem,Other,75,26min,3h to 5h,3h to 4h,0h,Bachelor,Rented,Yes,"Mobile, Laptop",1st Sem,0,3.28
D-19/F-CS-17,Male,21,6,Alive,Other,Govt.,Interest in the Department/Field,Merit,Balochistan (Nominee),Balochistan,Kharan,5th Sem,Other,75,26min,1h to 1.5h,3h to 4h,1h to 2h,Bachelor,Rented,Yes,"Mobile, Laptop",2nd Sem,1,3.28
D-19/F-CS-17,Male,21,6,Alive,Other,Govt.,Interest in the Department/Field,Merit,Balochistan (Nominee),Balochistan,Kharan,5th Sem,Other,75,26min,1h to 1.5h,3h to 4h,1h to 2h,Bachelor,Rented,Yes,"Mobile, Laptop",3rd Sem,2,3.28
19/F-CS-18,Male,22,6,Alive,Unemployed,Govt.,Govt. Institute,Merit,Sindh (Rural),Badin,Badin,5th Sem,Not Available,87,64min,3h to 5h,3h to 4h,2h to 4h,Bachelor,Rented,Yes,"Mobile, Laptop, Printer",1st Sem,0,3
19/F-CS-18,Male,22,6,Alive,Unemployed,Govt.,Govt. Institute,Merit,Sindh (Rural),Badin,Badin,5th Sem,Not Available,87,64min,3h to 5h,3h to 4h,2h to 4h,Bachelor,Rented,Yes,"Mobile, Laptop, Printer",2nd Sem,0,2.21
19/F-CS-18,Male,22,6,Alive,Unemployed,Govt.,Govt. Institute,Merit,Sindh (Rural),Badin,Badin,5th Sem,Not Available,87,64min,1.5h to 3h,4h to 6h,1h to 2h,Bachelor,Rented,Yes,"Mobile, Laptop, Printer",3rd Sem,4,3.28
D-19/F-CS-19,Male,21,7,Alive,Other,Govt.,Interest in the Department/Field,Merit,Sindh (Urban),Karachi (Urban),Karachi,5th Sem,Not Available,75,26min,1h to 1.5h,3h to 4h,0h,Family,Rented,Yes,"Mobile, Computer, Printer",1st Sem,0,3.5
D-19/F-CS-19,Male,21,7,Alive,Other,Govt.,Interest in the Department/Field,Merit,Sindh (Urban),Karachi (Urban),Karachi,5th Sem,Not Available,75,26min,1h to 1.5h,3h to 4h,0h,Family,Rented,Yes,"Mobile, Computer, Printer",2nd Sem,0,3.16
D-19/F-CS-19,Male,21,7,Alive,Other,Govt.,Interest in the Department/Field,Merit,Sindh (Urban),Karachi (Urban),Karachi,5th Sem,Not Available,75,26min,1h to 1.5h,3h to 4h,0h,Family,Rented,Yes,"Mobile, Computer, Printer",3rd Sem,2,3.28
19/F-CS-20,Male,23,6,Alive,Other,Govt.,Govt. Institute,Merit,Sindh (Urban),Karachi (Urban),Karachi,5th Sem,Not Available,87,64min,1h to 1.5h,3h to 4h,1h to 2h,Family,Owned,Yes,"Mobile, Laptop",1st Sem,0,3.28
19/F-CS-20,Male,23,6,Alive,Other,Govt.,Govt. Institute,Merit,Sindh (Urban),Karachi (Urban),Karachi,5th Sem,Not Available,87,64min,3h to 5h,4h to 6h,1h to 2h,Family,Owned,Yes,"Mobile, Laptop",2nd Sem,2,3.28
19/F-CS-20,Male,23,6,Alive,Other,Govt.,Govt. Institute,Merit,Sindh (Urban),Karachi (Urban),Karachi,5th Sem,Not Available,87,64min,0h,6h to 10h,0h,Family,Owned,Yes,"Mobile, Laptop",3rd Sem,2,3.28
19/F-CS-21,Male,22,5,Alive,Unemployed,Govt.,Interest in the Department/Field,Self-Finance,FATA,FATA,FATA,5th Sem,Arts,80,40min,3h to 5h,3h to 4h,2h to 4h,Bachelor,Rented,Yes,"Mobile, Laptop",1st Sem,0,3.35
19/F-CS-21,Male,22,5,Alive,Unemployed,Govt.,Interest in the Department/Field,Self-Finance,FATA,FATA,FATA,5th Sem,Arts,80,40min,3h to 5h,3h to 4h,2h to 4h,Bachelor,Rented,Yes,"Mobile, Laptop",2nd Sem,0,3.38
19/F-CS-21,Male,22,5,Alive,Unemployed,Govt.,Interest in the Department/Field,Self-Finance,FATA,FATA,FATA,5th Sem,Arts,80,40min,3h to 5h,3h to 4h,1h to 2h,Bachelor,Rented,Yes,"Mobile, Laptop",3rd Sem,2,3.28
D-19/F-CS-22,Male,22,3,Alive,Other,Private,Other,Merit,Sindh (Urban),Karachi (Urban),Karachi,5th Sem,Other,70,26min,0h,6h to 10h,0h,Family,Owned,Yes,"Mobile, Laptop, Computer, Printer",1st Sem,0,4
D-19/F-CS-22,Male,22,3,Alive,Other,Private,Other,Merit,Sindh (Urban),Karachi (Urban),Karachi,5th Sem,Other,70,26min,0h,6h to 10h,0h,Family,Owned,Yes,"Mobile, Laptop, Computer, Printer",2nd Sem,0,3.72
D-19/F-CS-22,Male,22,3,Alive,Other,Private,Other,Merit,Sindh (Urban),Karachi (Urban),Karachi,5th Sem,Other,70,26min,0h,6h to 10h,0h,Family,Owned,Yes,"Mobile, Laptop, Computer, Printer",3rd Sem,1,3.28
19/F-CS-25,Male,22,6,Alive,Unemployed,Govt.,Interest in the Department/Field,Merit,Sindh (Rural),Shaheed Benazirabad,Nawabshah,5th Sem,Not Available,87,26min,3h to 5h,3h to 4h,1h to 2h,Bachelor,Rented,Yes,"Mobile, Laptop",1st Sem,0,2.5
19/F-CS-25,Male,22,6,Alive,Unemployed,Govt.,Interest in the Department/Field,Merit,Sindh (Rural),Shaheed Benazirabad,Nawabshah,5th Sem,Not Available,87,26min,3h to 5h,3h to 4h,1h to 2h,Bachelor,Rented,Yes,"Mobile, Laptop",2nd Sem,2,2.5
19/F-CS-25,Male,22,6,Alive,Unemployed,Govt.,Interest in the Department/Field,Merit,Sindh (Rural),Shaheed Benazirabad,Nawabshah,5th Sem,Not Available,87,26min,3h to 5h,3h to 4h,1h to 2h,Bachelor,Rented,Yes,"Mobile, Laptop",3rd Sem,4,2.5
19/F-CS-26,Male,23,7,Alive,Other,Govt.,Govt. Institute,Merit,Sindh (Urban),Mirpur khas,Mirpurkhas,5th Sem,Not Available,80,40min,3h to 5h,3h to 4h,1h to 2h,Family,Rented,Yes,"Mobile, Laptop, Printer",1st Sem,0,4
19/F-CS-26,Male,23,7,Alive,Other,Govt.,Govt. Institute,Merit,Sindh (Urban),Mirpur khas,Mirpurkhas,5th Sem,Not Available,80,40min,3h to 5h,3h to 4h,1h to 2h,Family,Rented,Yes,"Mobile, Laptop, Printer",2nd Sem,0,3.59
19/F-CS-26,Male,23,7,Alive,Other,Govt.,Govt. Institute,Merit,Sindh (Urban),Mirpur khas,Mirpurkhas,5th Sem,Not Available,80,40min,3h to 5h,3h to 4h,1h to 2h,Family,Rented,Yes,"Mobile, Laptop, Printer",3rd Sem,0,3.1
D-19/F-CS-27,Female,20,5,Alive,Labor,Private,Close to home,Merit,Sindh (Rural),Sanghar,Shahdadpur,5th Sem,Other,70,46min,8h+,3h to 4h,6h+,Family,Owned,Yes,Mobile,1st Sem,0,3.35
D-19/F-CS-27,Female,20,5,Alive,Labor,Private,Close to home,Merit,Sindh (Rural),Sanghar,Shahdadpur,5th Sem,Other,70,46min,8h+,3h to 4h,6h+,Family,Owned,Yes,Mobile,2nd Sem,0,3.5
D-19/F-CS-27,Female,20,5,Alive,Labor,Private,Close to home,Merit,Sindh (Rural),Sanghar,Shahdadpur,5th Sem,Other,70,46min,3h to 5h,3h to 4h,1h to 2h,Family,Owned,Yes,Mobile,3rd Sem,2,3.42
D-19/F-CS-28,Male,21,9,Alive,Retired,Govt.,Interest in the Department/Field,Merit,Sindh (Rural),Tharparkar,Chhacchi,5th Sem,Not Available,67.07,26min,1.5h to 3h,4h to 6h,1h to 2h,Family,Owned,Yes,"Mobile, Laptop",1st Sem,0,4
D-19/F-CS-28,Male,21,9,Alive,Retired,Govt.,Interest in the Department/Field,Merit,Sindh (Rural),Tharparkar,Chhacchi,5th Sem,Not Available,67.07,26min,1.5h to 3h,4h to 6h,1h to 2h,Family,Owned,Yes,"Mobile, Laptop",2nd Sem,0,3.88
D-19/F-CS-28,Male,21,9,Alive,Retired,Govt.,Interest in the Department/Field,Merit,Sindh (Rural),Tharparkar,Chhacchi,5th Sem,Not Available,67.07,26min,1.5h to 3h,4h to 6h,1h to 2h,Family,Owned,Yes,"Mobile, Laptop",3rd Sem,0,3.25
D-19/F-CS-30,Male,22,7,Alive,Businessman,Private,Interest in the Department/Field,Merit,Azad Kashmir,Azad Kashmir (AJK),Palandri,5th Sem,Other,75,20min,1h to 1.5h,4h to 6h,1h to 2h,Family,Rented,Yes,"Mobile, Laptop",1st Sem,0,3
D-19/F-CS-30,Male,22,7,Alive,Businessman,Private,Interest in the Department/Field,Merit,Azad Kashmir,Azad Kashmir (AJK),Palandri,5th Sem,Other,75,20min,0h,4h to 6h,2h to 4h,Family,Rented,Yes,"Mobile, Laptop",2nd Sem,2,3
D-19/F-CS-30,Male,22,7,Alive,Businessman,Private,Interest in the Department/Field,Merit,Azad Kashmir,Azad Kashmir (AJK),Palandri,5th Sem,Other,75,20min,1h to 1.5h,4h to 6h,1h to 2h,Family,Rented,Yes,"Mobile, Laptop",3rd Sem,2,3
D-19/F-CS-31,Male,19,4,Alive,Other,Govt.,Other,Merit,Gilgit Baltistan (Nominee),Gilgit Baltistan,Karachi,5th Sem,Other,73,64min,1.5h to 3h,3h to 4h,0h,Family,Rented,Yes,"Mobile, Laptop",1st Sem,0,3.5
D-19/F-CS-31,Male,19,4,Alive,Other,Govt.,Other,Merit,Gilgit Baltistan (Nominee),Gilgit Baltistan,Karachi,5th Sem,Other,73,64min,1.5h to 3h,3h to 4h,0h,Family,Rented,Yes,"Mobile, Laptop",2nd Sem,0,3.39
D-19/F-CS-31,Male,19,4,Alive,Other,Govt.,Other,Merit,Gilgit Baltistan (Nominee),Gilgit Baltistan,Karachi,5th Sem,Other,73,64min,1.5h to 3h,3h to 4h,0h,Family,Rented,Yes,"Mobile, Laptop",3rd Sem,0,2.2
19/F-CS-32,Female,22,6,Alive,Businessman,Private,Interest in the Department/Field,Self-Finance,Sindh (Rural),Naushahro Feroze,Madd Koondhar,5th Sem,Not Available,78,20min,3h to 5h,3h to 4h,0h,Bachelor,Rented,Yes,"Mobile, Laptop",1st Sem,0,3
19/F-CS-32,Female,22,6,Alive,Businessman,Private,Interest in the Department/Field,Self-Finance,Sindh (Rural),Naushahro Feroze,Madd Koondhar,5th Sem,Not Available,78,20min,3h to 5h,3h to 4h,0h,Bachelor,Rented,Yes,"Mobile, Laptop",2nd Sem,1,3.28
19/F-CS-32,Female,22,6,Alive,Businessman,Private,Interest in the Department/Field,Self-Finance,Sindh (Rural),Naushahro Feroze,Madd Koondhar,5th Sem,Not Available,78,20min,3h to 5h,3h to 4h,0h,Bachelor,Rented,Yes,"Mobile, Laptop",3rd Sem,3,3.28
19/F-CS-33,Male,23,7,Alive,Unemployed,Govt.,Govt. Institute,Self-Finance,Sindh (Urban),Dadu,Dadu,5th Sem,Not Available,87,58min,3h to 5h,3h to 4h,0h,Bachelor,Rented,Yes,"Mobile, Laptop, Printer",1st Sem,0,3.28
19/F-CS-33,Male,23,7,Alive,Unemployed,Govt.,Govt. Institute,Self-Finance,Sindh (Urban),Dadu,Dadu,5th Sem,Not Available,87,58min,1h to 1.5h,4h to 6h,1h to 2h,Bachelor,Rented,Yes,"Mobile, Laptop, Printer",2nd Sem,2,3.28
19/F-CS-33,Male,23,7,Alive,Unemployed,Govt.,Govt. Institute,Self-Finance,Sindh (Urban),Dadu,Dadu,5th Sem,Not Available,87,58min,1h to 1.5h,4h to 6h,1h to 2h,Bachelor,Rented,Yes,"Mobile, Laptop, Printer",3rd Sem,4,3.28
D-19/F-CS-34,Male,23,3,Decease,"Services (i.e. Police, Railways, Administrative etc.)",Govt.,Other,Merit,Sindh (Urban),Karachi (Urban),Karachi,5th Sem,Other,70,64min,1.5h to 3h,3h to 4h,1h to 2h,Family,Rented,Yes,"Mobile, Laptop",1st Sem,0,3
D-19/F-CS-34,Male,23,3,Decease,"Services (i.e. Police, Railways, Administrative etc.)",Govt.,Other,Merit,Sindh (Urban),Karachi (Urban),Karachi,5th Sem,Other,70,64min,1h to 1.5h,3h to 4h,1h to 2h,Family,Rented,Yes,"Mobile, Laptop",2nd Sem,0,3.81
D-19/F-CS-34,Male,23,3,Decease,"Services (i.e. Police, Railways, Administrative etc.)",Govt.,Other,Merit,Sindh (Urban),Karachi (Urban),Karachi,5th Sem,Other,70,64min,1.5h to 3h,3h to 4h,1h to 2h,Family,Rented,Yes,"Mobile, Laptop",3rd Sem,0,2.59
19/F-CS-35,Male,22,6,Alive,Businessman,Govt.,Govt. Institute,Merit,Sindh (Urban),Larkana,Larkana,5th Sem,Not Available,78,40min,1h to 1.5h,3h to 4h,1h to 2h,Bachelor,Rented,Yes,"Mobile, Laptop, Printer",1st Sem,0,3.28
19/F-CS-35,Male,22,6,Alive,Businessman,Govt.,Govt. Institute,Merit,Sindh (Urban),Larkana,Larkana,5th Sem,Not Available,78,40min,1h to 1.5h,3h to 4h,1h to 2h,Bachelor,Rented,Yes,"Mobile, Laptop, Printer",2nd Sem,0,3.28
19/F-CS-35,Male,22,6,Alive,Businessman,Govt.,Govt. Institute,Merit,Sindh (Urban),Larkana,Larkana,5th Sem,Not Available,78,40min,1h to 1.5h,3h to 4h,1h to 2h,Bachelor,Rented,Yes,"Mobile, Laptop, Printer",3rd Sem,4,3.28
D-19/F-CS-36,Male,18,2,Decease,Other,Govt.,Other,Merit,Sindh (Urban),Karachi (Urban),Karachi,5th Sem,Arts,71,68min,1h to 1.5h,10h+,6h+,Family,Rented,No,Mobile,1st Sem,0,4
D-19/F-CS-36,Male,18,2,Decease,Other,Govt.,Other,Merit,Sindh (Urban),Karachi (Urban),Karachi,5th Sem,Arts,71,68min,1h to 1.5h,10h+,6h+,Family,Rented,No,Mobile,2nd Sem,0,3.67
D-19/F-CS-36,Male,18,2,Decease,Other,Govt.,Other,Merit,Sindh (Urban),Karachi (Urban),Karachi,5th Sem,Arts,71,68min,1h to 1.5h,10h+,6h+,Family,Rented,No,Mobile,3rd Sem,0,3.81
19/F-CS-37,Male,22,5,Alive,Other,Private,Interest in the Department/Field,Self-Finance,Sindh (Urban),Mirpur khas,Mirpurkhas,5th Sem,Debate/Seminar,78,54min,3h to 5h,4h to 6h,1h to 2h,Bachelor,Owned,Yes,"Mobile, Laptop, Printer",1st Sem,0,2.15
19/F-CS-37,Male,22,5,Alive,Other,Private,Interest in the Department/Field,Self-Finance,Sindh (Urban),Mirpur khas,Mirpurkhas,5th Sem,Debate/Seminar,78,54min,3h to 5h,4h to 6h,1h to 2h,Bachelor,Owned,Yes,"Mobile, Laptop, Printer",2nd Sem,2,2.15
19/F-CS-37,Male,22,5,Alive,Other,Private,Interest in the Department/Field,Self-Finance,Sindh (Urban),Mirpur khas,Mirpurkhas,5th Sem,Debate/Seminar,78,54min,3h to 5h,4h to 6h,1h to 2h,Bachelor,Owned,Yes,"Mobile, Laptop, Printer",3rd Sem,4,2.15
19/F-CS-38,Male,23,7,Alive,Unemployed,Private,Interest in the Department/Field,Merit,Sindh (Urban),Jamshoro,Jamshoro,5th Sem,Arts,87,54min,3h to 5h,4h to 6h,1h to 2h,Family,Rented,Yes,"Mobile, Laptop",1st Sem,0,3.28
19/F-CS-38,Male,23,7,Alive,Unemployed,Private,Interest in the Department/Field,Merit,Sindh (Urban),Jamshoro,Jamshoro,5th Sem,Arts,87,54min,1h to 1.5h,3h to 4h,2h to 4h,Family,Rented,Yes,"Mobile, Laptop",2nd Sem,1,3.28
19/F-CS-38,Male,23,7,Alive,Unemployed,Private,Interest in the Department/Field,Merit,Sindh (Urban),Jamshoro,Jamshoro,5th Sem,Arts,87,54min,1h to 1.5h,10h+,6h+,Family,Rented,Yes,"Mobile, Laptop",3rd Sem,3,3.28
D-19/F-CS-39,Female,22,5,Decease,Not Applicable,Govt.,Interest in the Department/Field,Merit,Sindh (Urban),Karachi (Urban),Karachi,5th Sem,Speech,75,46min,3h to 5h,3h to 4h,0h,Family,Rented,Yes,Mobile,1st Sem,0,4
D-19/F-CS-39,Female,22,5,Decease,Not Applicable,Govt.,Interest in the Department/Field,Merit,Sindh (Urban),Karachi (Urban),Karachi,5th Sem,Speech,75,46min,1h to 1.5h,4h to 6h,1h to 2h,Family,Rented,Yes,Mobile,2nd Sem,0,3.89
D-19/F-CS-39,Female,22,5,Decease,Not Applicable,Govt.,Interest in the Department/Field,Merit,Sindh (Urban),Karachi (Urban),Karachi,5th Sem,Speech,75,46min,3h to 5h,3h to 4h,0h,Family,Rented,Yes,Mobile,3rd Sem,0,3.76
D-19/F-CS-40,Female,20,3,Alive,Retired,Govt.,Interest in the Department/Field,Merit,Sindh (Urban),Karachi (Urban),Karachi,5th Sem,Other,75.4,26min,5h to 8h,3h to 4h,0h,Family,Owned,Yes,"Mobile, Laptop",1st Sem,0,4
D-19/F-CS-40,Female,20,3,Alive,Retired,Govt.,Interest in the Department/Field,Merit,Sindh (Urban),Karachi (Urban),Karachi,5th Sem,Other,75.4,26min,5h to 8h,3h to 4h,0h,Family,Owned,Yes,"Mobile, Laptop",2nd Sem,0,3.88
D-19/F-CS-40,Female,20,3,Alive,Retired,Govt.,Interest in the Department/Field,Merit,Sindh (Urban),Karachi (Urban),Karachi,5th Sem,Other,75.4,26min,1h to 1.5h,3h to 4h,1h to 2h,Family,Owned,Yes,"Mobile, Laptop",3rd Sem,0,3.66
19/F-CS-41,Male,22,5,Alive,Businessman,Govt.,Govt. Institute,Merit,Sindh (Rural),Qambar Shahdadkot,Larkana,5th Sem,Not Available,74,64min,1h to 1.5h,4h to 6h,1h to 2h,Bachelor,Rented,Yes,"Mobile, Laptop",1st Sem,0,3.28
19/F-CS-41,Male,22,5,Alive,Businessman,Govt.,Govt. Institute,Merit,Sindh (Rural),Qambar Shahdadkot,Larkana,5th Sem,Not Available,74,64min,3h to 5h,3h to 4h,1h to 2h,Bachelor,Rented,Yes,"Mobile, Laptop",2nd Sem,0,3.28
19/F-CS-41,Male,22,5,Alive,Businessman,Govt.,Govt. Institute,Merit,Sindh (Rural),Qambar Shahdadkot,Larkana,5th Sem,Not Available,74,64min,1h to 1.5h,4h to 6h,1h to 2h,Bachelor,Rented,Yes,"Mobile, Laptop",3rd Sem,4,3.28
D-19/F-CS-42,Male,21,5,Alive,Retired,Govt.,Interest in the Department/Field,Merit,Sindh (Urban),Karachi (Urban),Karachi,5th Sem,Not Available,70,26min,3h to 5h,3h to 4h,1h to 2h,Family,Owned,Yes,"Mobile, Laptop, Computer, Printer",1st Sem,0,3.5
D-19/F-CS-42,Male,21,5,Alive,Retired,Govt.,Interest in the Department/Field,Merit,Sindh (Urban),Karachi (Urban),Karachi,5th Sem,Not Available,70,26min,1h to 1.5h,3h to 4h,1h to 2h,Family,Owned,Yes,"Mobile, Laptop, Computer, Printer",2nd Sem,0,3.19
D-19/F-CS-42,Male,21,5,Alive,Retired,Govt.,Interest in the Department/Field,Merit,Sindh (Urban),Karachi (Urban),Karachi,5th Sem,Not Available,70,26min,1h to 1.5h,3h to 4h,1h to 2h,Family,Owned,Yes,"Mobile, Laptop, Computer, Printer",2nd Sem,1,3.28
19/F-CS-43,Male,22,4,Alive,Other,Govt.,Interest in the Department/Field,Merit,Sindh (Urban),Sukkur (Urban),Sukkur,5th Sem,Not Available,82,68min,3h to 5h,3h to 4h,1h to 2h,Bachelor,Rented,Yes,"Mobile, Laptop",1st Sem,0,3.85
19/F-CS-43,Male,22,4,Alive,Other,Govt.,Interest in the Department/Field,Merit,Sindh (Urban),Sukkur (Urban),Sukkur,5th Sem,Not Available,82,68min,3h to 5h,3h to 4h,1h to 2h,Bachelor,Rented,Yes,"Mobile, Laptop",2nd Sem,0,2.88
19/F-CS-43,Male,22,4,Alive,Other,Govt.,Interest in the Department/Field,Merit,Sindh (Urban),Sukkur (Urban),Sukkur,5th Sem,Not Available,82,68min,3h to 5h,3h to 4h,1h to 2h,Bachelor,Rented,Yes,"Mobile, Laptop",3rd Sem,1,3.36
19/F-CS-44,Male,23,5,Alive,Businessman,Private,Govt. Institute,Merit,Sindh (Rural),Larkana,Larkana,5th Sem,Not Available,78,40min,3h to 5h,3h to 4h,1h to 2h,Family,Owned,Yes,"Mobile, Laptop, Printer",1st Sem,0,3.28
19/F-CS-44,Male,23,5,Alive,Businessman,Private,Govt. Institute,Merit,Sindh (Rural),Larkana,Larkana,5th Sem,Not Available,78,40min,1.5h to 3h,3h to 4h,2h to 4h,Family,Owned,Yes,"Mobile, Laptop, Printer",2nd Sem,2,3.28
19/F-CS-44,Male,23,5,Alive,Businessman,Private,Govt. Institute,Merit,Sindh (Rural),Larkana,Larkana,5th Sem,Not Available,78,40min,3h to 5h,3h to 4h,1h to 2h,Family,Owned,Yes,"Mobile, Laptop, Printer",3rd Sem,4,3.28
19/F-CS-45,Male,22,7,,Other,Govt.,Govt. Institute,Merit,Sindh (Urban),Malir,Karachi,5th Sem,Not Available,74,20min,1.5h to 3h,3h to 4h,2h to 4h,Bachelor,Rented,Yes,"Mobile, Laptop, Computer",1st Sem,0,3.28
19/F-CS-45,Male,22,7,,Other,Govt.,Govt. Institute,Merit,Sindh (Urban),Malir,Karachi,5th Sem,Not Available,74,20min,1.5h to 3h,3h to 4h,2h to 4h,Bachelor,Rented,Yes,"Mobile, Laptop, Computer",2nd Sem,0,3.64
19/F-CS-45,Male,22,7,,Other,Govt.,Govt. Institute,Merit,Sindh (Urban),Malir,Karachi,5th Sem,Not Available,74,20min,1.5h to 3h,3h to 4h,2h to 4h,Bachelor,Rented,Yes,"Mobile, Laptop, Computer",3rd Sem,0,3.27
D-19/F-CS-46,Male,21,15,Alive,Teacher,Govt.,Govt. Institute,Merit,Sindh (Rural),Tharparkar,Diplo,5th Sem,Not Available,57,26min,1h to 1.5h,3h to 4h,1h to 2h,Bachelor,Rented,Yes,"Mobile, Laptop",1st Sem,4,3
D-19/F-CS-46,Male,21,15,Alive,Teacher,Govt.,Govt. Institute,Merit,Sindh (Rural),Tharparkar,Diplo,5th Sem,Not Available,57,26min,1h to 1.5h,3h to 4h,1h to 2h,Bachelor,Rented,Yes,"Mobile, Laptop",2nd Sem,1,3
D-19/F-CS-46,Male,21,15,Alive,Teacher,Govt.,Govt. Institute,Merit,Sindh (Rural),Tharparkar,Diplo,5th Sem,Not Available,57,26min,1h to 1.5h,3h to 4h,1h to 2h,Bachelor,Rented,Yes,"Mobile, Laptop",3rd Sem,1,3
D-19/F-CS-47,Male,21,10,Alive,Other,Govt.,Interest in the Department/Field,Merit,Sindh (Rural),Sanghar,Badin,5th Sem,Not Available,60,46min,5h to 8h,3h to 4h,1h to 2h,Family,Owned,Yes,"Mobile, Laptop",1st Sem,0,3.5
D-19/F-CS-47,Male,21,10,Alive,Other,Govt.,Interest in the Department/Field,Merit,Sindh (Rural),Sanghar,Badin,5th Sem,Not Available,60,46min,5h to 8h,3h to 4h,1h to 2h,Family,Owned,Yes,"Mobile, Laptop",2nd Sem,0,3.75
D-19/F-CS-47,Male,21,10,Alive,Other,Govt.,Interest in the Department/Field,Merit,Sindh (Rural),Sanghar,Badin,5th Sem,Not Available,60,46min,1h to 1.5h,3h to 4h,1h to 2h,Family,Owned,Yes,"Mobile, Laptop",3rd Sem,0,3.31
19/F-CS-48,Male,22,4,,Unemployed,Govt.,Govt. Institute,Merit,Sindh (Rural),Umerkot,Kunri,5th Sem,Not Available,79,26min,5h to 8h,3h to 4h,1h to 2h,Bachelor,Rented,Yes,"Mobile, Laptop",1st Sem,0,4
19/F-CS-48,Male,22,4,,Unemployed,Govt.,Govt. Institute,Merit,Sindh (Rural),Umerkot,Kunri,5th Sem,Not Available,79,26min,1h to 1.5h,3h to 4h,1h to 2h,Bachelor,Rented,Yes,"Mobile, Laptop",2nd Sem,0,2.86
19/F-CS-48,Male,22,4,,Unemployed,Govt.,Govt. Institute,Merit,Sindh (Rural),Umerkot,Kunri,5th Sem,Not Available,79,26min,1h to 1.5h,3h to 4h,1h to 2h,Bachelor,Rented,Yes,"Mobile, Laptop",3rd Sem,1,3.28
D-19/F-CS-49,Male,20,11,Alive,Labor,Govt.,Interest in the Department/Field,Merit,Sindh (Rural),Umerkot,Dhoronaro,5th Sem,Other,85,26min,1.5h to 3h,3h to 4h,1h to 2h,Bachelor,Rented,Yes,"Mobile, Laptop",1st Sem,0,2.94
D-19/F-CS-49,Male,20,11,Alive,Labor,Govt.,Interest in the Department/Field,Merit,Sindh (Rural),Umerkot,Dhoronaro,5th Sem,Other,85,26min,1.5h to 3h,3h to 4h,1h to 2h,Bachelor,Rented,Yes,"Mobile, Laptop",2nd Sem,0,2.94
D-19/F-CS-49,Male,20,11,Alive,Labor,Govt.,Interest in the Department/Field,Merit,Sindh (Rural),Umerkot,Dhoronaro,5th Sem,Other,85,26min,1.5h to 3h,3h to 4h,1h to 2h,Bachelor,Rented,Yes,"Mobile, Laptop",3rd Sem,0,2.94
D-19-CS-01,Female,21,4,Alive,Other,Govt.,Interest in the Department/Field,Merit,Sindh (Urban),Karachi (Urban),Karachi,7th Sem,Not Available,83,20min,8h+,3h to 4h,1h to 2h,Family,Rented,Yes,"Mobile, Laptop, Printer",1st Sem,0,4
D-19-CS-01,Female,21,4,Alive,Other,Govt.,Interest in the Department/Field,Merit,Sindh (Urban),Karachi (Urban),Karachi,7th Sem,Not Available,83,20min,1h to 1.5h,4h to 6h,0h,Family,Rented,Yes,"Mobile, Laptop, Printer",2nd Sem,0,3.42
D-19-CS-01,Female,21,4,Alive,Other,Govt.,Interest in the Department/Field,Merit,Sindh (Urban),Karachi (Urban),Karachi,7th Sem,Not Available,83,20min,1h to 1.5h,4h to 6h,0h,Family,Rented,Yes,"Mobile, Laptop, Printer",3rd Sem,0,3.83
D-19-CS-01,Female,21,4,Alive,Other,Govt.,Interest in the Department/Field,Merit,Sindh (Urban),Karachi (Urban),Karachi,7th Sem,Not Available,83,20min,1h to 1.5h,4h to 6h,0h,Family,Rented,Yes,"Mobile, Laptop, Printer",4th Sem,0,3.831
D-19-CS-01,Female,21,4,Alive,Other,Govt.,Interest in the Department/Field,Merit,Sindh (Urban),Karachi (Urban),Karachi,7th Sem,Not Available,83,20min,1h to 1.5h,4h to 6h,0h,Family,Rented,Yes,"Mobile, Laptop, Printer",5th Sem,0,3.42
D-19-CS-02,Male,22,6,Alive,Labor,Govt.,Govt. Institute,Merit,Sindh (Rural),Umerkot,Chhore cantt,7th Sem,Other,73,20min,1h to 1.5h,3h to 4h,0h,Bachelor,Rented,Yes,"Mobile, Laptop",1st Sem,1,3.33
D-19-CS-02,Male,22,6,Alive,Labor,Govt.,Govt. Institute,Merit,Sindh (Rural),Umerkot,Chhore cantt,7th Sem,Other,73,20min,1h to 1.5h,3h to 4h,0h,Bachelor,Rented,Yes,"Mobile, Laptop",2nd Sem,0,2.87
D-19-CS-02,Male,22,6,Alive,Labor,Govt.,Govt. Institute,Merit,Sindh (Rural),Umerkot,Chhore cantt,7th Sem,Other,73,20min,1.5h to 3h,3h to 4h,1h to 2h,Bachelor,Rented,Yes,"Mobile, Laptop",3rd Sem,0,3.08
D-19-CS-02,Male,22,6,Alive,Labor,Govt.,Govt. Institute,Merit,Sindh (Rural),Umerkot,Chhore cantt,7th Sem,Other,73,20min,1h to 1.5h,3h to 4h,0h,Bachelor,Rented,Yes,"Mobile, Laptop",4th Sem,0,2.33
D-19-CS-02,Male,22,6,Alive,Labor,Govt.,Govt. Institute,Merit,Sindh (Rural),Umerkot,Chhore cantt,7th Sem,Other,73,20min,1.5h to 3h,3h to 4h,1h to 2h,Bachelor,Rented,Yes,"Mobile, Laptop",5th Sem,0,2.77
D-19-CS-04 ,Female,22,5,Alive,Teacher,Govt.,Interest in the Department/Field,Merit,Sindh (Urban),Karachi (Urban),Karachi,7th Sem,Not Available,97,64min,3h to 5h,4h to 6h,0h,Family,Owned,Yes,"Mobile, Laptop, Printer",1st Sem,0,3.94
D-19-CS-04 ,Female,22,5,Alive,Teacher,Govt.,Interest in the Department/Field,Merit,Sindh (Urban),Karachi (Urban),Karachi,7th Sem,Not Available,97,64min,3h to 5h,4h to 6h,0h,Family,Owned,Yes,"Mobile, Laptop, Printer",2nd Sem,0,4
D-19-CS-04 ,Female,22,5,Alive,Teacher,Govt.,Interest in the Department/Field,Merit,Sindh (Urban),Karachi (Urban),Karachi,7th Sem,Not Available,97,64min,3h to 5h,4h to 6h,0h,Family,Owned,Yes,"Mobile, Laptop, Printer",3rd Sem,0,3.75
D-19-CS-04 ,Female,22,5,Alive,Teacher,Govt.,Interest in the Department/Field,Merit,Sindh (Urban),Karachi (Urban),Karachi,7th Sem,Not Available,97,64min,3h to 5h,4h to 6h,0h,Family,Owned,Yes,"Mobile, Laptop, Printer",4th Sem,0,3.68
D-19-CS-04 ,Female,22,5,Alive,Teacher,Govt.,Interest in the Department/Field,Merit,Sindh (Urban),Karachi (Urban),Karachi,7th Sem,Not Available,97,64min,3h to 5h,4h to 6h,0h,Family,Owned,Yes,"Mobile, Laptop, Printer",5th Sem,0,3.66
D-19-CS-05,Male,21,7,Alive,"Services (i.e. Police, Railways, Administrative etc.)",Govt.,Interest in the Department/Field,Merit,Sindh (Urban),Karachi (Urban),Karachi,7th Sem,Not Available,81,46min,5h to 8h,3h to 4h,0h,Family,Rented,Yes,"Mobile, Laptop, Computer",1st Sem,0,3.94
D-19-CS-05,Male,21,7,Alive,"Services (i.e. Police, Railways, Administrative etc.)",Govt.,Interest in the Department/Field,Merit,Sindh (Urban),Karachi (Urban),Karachi,7th Sem,Not Available,81,46min,3h to 5h,4h to 6h,0h,Family,Rented,Yes,"Mobile, Laptop, Computer",2nd Sem,0,3.75
D-19-CS-05,Male,21,7,Alive,"Services (i.e. Police, Railways, Administrative etc.)",Govt.,Interest in the Department/Field,Merit,Sindh (Urban),Karachi (Urban),Karachi,7th Sem,Not Available,81,46min,5h to 8h,3h to 4h,0h,Family,Rented,Yes,"Mobile, Laptop, Computer",3rd Sem,0,3.7
D-19-CS-05,Male,21,7,Alive,"Services (i.e. Police, Railways, Administrative etc.)",Govt.,Interest in the Department/Field,Merit,Sindh (Urban),Karachi (Urban),Karachi,7th Sem,Not Available,81,46min,1h to 1.5h,3h to 4h,1h to 2h,Family,Rented,Yes,"Mobile, Laptop, Computer",4th Sem,0,3.77
D-19-CS-05,Male,21,7,Alive,"Services (i.e. Police, Railways, Administrative etc.)",Govt.,Interest in the Department/Field,Merit,Sindh (Urban),Karachi (Urban),Karachi,7th Sem,Not Available,81,46min,1h to 1.5h,3h to 4h,1h to 2h,Family,Rented,Yes,"Mobile, Laptop, Computer",5th Sem,0,3.56
D-19-CS-06,Male,23,3,Decease,Not Applicable,Govt.,Govt. Institute,Merit,Sindh (Urban),Karachi East,Karachi,7th Sem,Other,87,74min,8h+,3h to 4h,1h to 2h,Family,Owned,Yes,"Mobile, Laptop, Printer",1st Sem,0,4
D-19-CS-06,Male,23,3,Decease,Not Applicable,Govt.,Govt. Institute,Merit,Sindh (Urban),Karachi East,Karachi,7th Sem,Other,87,74min,8h+,3h to 4h,1h to 2h,Family,Owned,Yes,"Mobile, Laptop, Printer",2nd Sem,0,4
D-19-CS-06,Male,23,3,Decease,Not Applicable,Govt.,Govt. Institute,Merit,Sindh (Urban),Karachi East,Karachi,7th Sem,Other,87,74min,8h+,3h to 4h,1h to 2h,Family,Owned,Yes,"Mobile, Laptop, Printer",3rd Sem,0,4
D-19-CS-06,Male,23,3,Decease,Not Applicable,Govt.,Govt. Institute,Merit,Sindh (Urban),Karachi East,Karachi,7th Sem,Other,87,74min,8h+,3h to 4h,1h to 2h,Family,Owned,Yes,"Mobile, Laptop, Printer",4th Sem,0,3.95
D-19-CS-06,Male,23,3,Decease,Not Applicable,Govt.,Govt. Institute,Merit,Sindh (Urban),Karachi East,Karachi,7th Sem,Other,87,74min,8h+,3h to 4h,1h to 2h,Family,Owned,Yes,"Mobile, Laptop, Printer",5th Sem,0,3.87
D-19-CS-07,Male,24,7,Decease,Not Applicable,Govt.,Interest in the Department/Field,Merit,Sindh (Urban),Karachi Central,Karachi,7th Sem,Other,80,64min,3h to 5h,3h to 4h,0h,Bachelor,Owned,Yes,"Mobile, Laptop, Computer, Printer",1st Sem,0,3.91
D-19-CS-07,Male,24,7,Decease,Not Applicable,Govt.,Interest in the Department/Field,Merit,Sindh (Urban),Karachi Central,Karachi,7th Sem,Other,80,64min,3h to 5h,3h to 4h,0h,Bachelor,Owned,Yes,"Mobile, Laptop, Computer, Printer",2nd Sem,0,3.41
D-19-CS-07,Male,24,7,Decease,Not Applicable,Govt.,Interest in the Department/Field,Merit,Sindh (Urban),Karachi Central,Karachi,7th Sem,Other,80,64min,3h to 5h,3h to 4h,2h to 4h,Bachelor,Owned,Yes,"Mobile, Laptop, Computer, Printer",3rd Sem,0,3.83
D-19-CS-07,Male,24,7,Decease,Not Applicable,Govt.,Interest in the Department/Field,Merit,Sindh (Urban),Karachi Central,Karachi,7th Sem,Other,80,64min,3h to 5h,3h to 4h,0h,Bachelor,Owned,Yes,"Mobile, Laptop, Computer, Printer",4th Sem,0,3.75
D-19-CS-07,Male,24,7,Decease,Not Applicable,Govt.,Interest in the Department/Field,Merit,Sindh (Urban),Karachi Central,Karachi,7th Sem,Other,80,64min,3h to 5h,3h to 4h,2h to 4h,Bachelor,Owned,Yes,"Mobile, Laptop, Computer, Printer",5th Sem,0,3.82
D-19-CS-08,Male,23,5,Alive,Other,Govt.,Interest in the Department/Field,Merit,Sindh (Urban),Karachi East,Karachi,7th Sem,Other,76,46min,3h to 5h,3h to 4h,2h to 4h,Family,Owned,Yes,"Mobile, Laptop, Computer",1st Sem,0,3.94
D-19-CS-08,Male,23,5,Alive,Other,Govt.,Interest in the Department/Field,Merit,Sindh (Urban),Karachi East,Karachi,7th Sem,Other,76,46min,3h to 5h,3h to 4h,2h to 4h,Family,Owned,Yes,"Mobile, Laptop, Computer",2nd Sem,0,3.89
D-19-CS-08,Male,23,5,Alive,Other,Govt.,Interest in the Department/Field,Merit,Sindh (Urban),Karachi East,Karachi,7th Sem,Other,76,46min,3h to 5h,3h to 4h,2h to 4h,Family,Owned,Yes,"Mobile, Laptop, Computer",3rd Sem,0,3.68
D-19-CS-08,Male,23,5,Alive,Other,Govt.,Interest in the Department/Field,Merit,Sindh (Urban),Karachi East,Karachi,7th Sem,Other,76,46min,3h to 5h,3h to 4h,2h to 4h,Family,Owned,Yes,"Mobile, Laptop, Computer",4th Sem,0,3.65
D-19-CS-08,Male,23,5,Alive,Other,Govt.,Interest in the Department/Field,Merit,Sindh (Urban),Karachi East,Karachi,7th Sem,Other,76,46min,3h to 5h,3h to 4h,2h to 4h,Family,Owned,Yes,"Mobile, Laptop, Computer",5th Sem,0,3.05
D-19-CS-09,Male,24,5,Alive,"Services (i.e. Police, Railways, Administrative etc.)",Govt.,Govt. Institute,Merit,Sindh (Urban),Malir,Karachi,7th Sem,Not Available,88,64min,8h+,3h to 4h,0h,Family,Owned,Yes,"Mobile, Laptop, Computer",1st Sem,0,3.94
D-19-CS-09,Male,24,5,Alive,"Services (i.e. Police, Railways, Administrative etc.)",Govt.,Govt. Institute,Merit,Sindh (Urban),Malir,Karachi,7th Sem,Not Available,88,64min,8h+,3h to 4h,0h,Family,Owned,Yes,"Mobile, Laptop, Computer",2nd Sem,0,4
D-19-CS-09,Male,24,5,Alive,"Services (i.e. Police, Railways, Administrative etc.)",Govt.,Govt. Institute,Merit,Sindh (Urban),Malir,Karachi,7th Sem,Not Available,88,64min,8h+,3h to 4h,0h,Family,Owned,Yes,"Mobile, Laptop, Computer",3rd Sem,0,3.93
D-19-CS-09,Male,24,5,Alive,"Services (i.e. Police, Railways, Administrative etc.)",Govt.,Govt. Institute,Merit,Sindh (Urban),Malir,Karachi,7th Sem,Not Available,88,64min,8h+,3h to 4h,0h,Family,Owned,Yes,"Mobile, Laptop, Computer",4th Sem,0,3.89
D-19-CS-09,Male,24,5,Alive,"Services (i.e. Police, Railways, Administrative etc.)",Govt.,Govt. Institute,Merit,Sindh (Urban),Malir,Karachi,7th Sem,Not Available,88,64min,8h+,3h to 4h,0h,Family,Owned,Yes,"Mobile, Laptop, Computer",5th Sem,0,3.95
D-19-CS-10,Male,22,8,Decease,Not Applicable,Govt.,Interest in the Department/Field,Merit,Sindh (Rural),Sanghar,Khipro,7th Sem,Not Available,74,26min,3h to 5h,4h to 6h,1h to 2h,Bachelor,Rented,Yes,"Mobile, Laptop",1st Sem,0,3.24
D-19-CS-10,Male,22,8,Decease,Not Applicable,Govt.,Interest in the Department/Field,Merit,Sindh (Rural),Sanghar,Khipro,7th Sem,Not Available,74,26min,3h to 5h,3h to 4h,2h to 4h,Bachelor,Rented,Yes,"Mobile, Laptop",2nd Sem,0,3.54
D-19-CS-10,Male,22,8,Decease,Not Applicable,Govt.,Interest in the Department/Field,Merit,Sindh (Rural),Sanghar,Khipro,7th Sem,Not Available,74,26min,3h to 5h,4h to 6h,1h to 2h,Bachelor,Rented,Yes,"Mobile, Laptop",3rd Sem,0,3.68
D-19-CS-10,Male,22,8,Decease,Not Applicable,Govt.,Interest in the Department/Field,Merit,Sindh (Rural),Sanghar,Khipro,7th Sem,Not Available,74,26min,3h to 5h,4h to 6h,1h to 2h,Bachelor,Rented,Yes,"Mobile, Laptop",4th Sem,0,3.01
D-19-CS-10,Male,22,8,Decease,Not Applicable,Govt.,Interest in the Department/Field,Merit,Sindh (Rural),Sanghar,Khipro,7th Sem,Not Available,74,26min,3h to 5h,4h to 6h,1h to 2h,Bachelor,Rented,Yes,"Mobile, Laptop",5th Sem,0,2.85
D-19-CS-11,Male,21,5,Alive,Engineer,Private,Interest in the Department/Field,Merit,Sindh (Urban),Karachi (Urban),Karachi,7th Sem,Other,85,64min,3h to 5h,4h to 6h,1h to 2h,Family,Owned,Yes,Mobile,1st Sem,0,3.63
D-19-CS-11,Male,21,5,Alive,Engineer,Private,Interest in the Department/Field,Merit,Sindh (Urban),Karachi (Urban),Karachi,7th Sem,Other,85,64min,1h to 1.5h,3h to 4h,1h to 2h,Family,Owned,Yes,Mobile,2nd Sem,0,4
D-19-CS-11,Male,21,5,Alive,Engineer,Private,Interest in the Department/Field,Merit,Sindh (Urban),Karachi (Urban),Karachi,7th Sem,Other,85,64min,1h to 1.5h,3h to 4h,1h to 2h,Family,Owned,Yes,Mobile,3rd Sem,0,3.75
D-19-CS-11,Male,21,5,Alive,Engineer,Private,Interest in the Department/Field,Merit,Sindh (Urban),Karachi (Urban),Karachi,7th Sem,Other,85,64min,3h to 5h,4h to 6h,1h to 2h,Family,Owned,Yes,Mobile,4th Sem,0,3.95
D-19-CS-11,Male,21,5,Alive,Engineer,Private,Interest in the Department/Field,Merit,Sindh (Urban),Karachi (Urban),Karachi,7th Sem,Other,85,64min,1.5h to 3h,3h to 4h,6h+,Family,Owned,Yes,Mobile,5th Sem,0,4
D-19-CS-12,Female,20,6,Alive,Businessman,Private,Other,Merit,Sindh (Rural),Sukkur (Rural),Karachi,7th Sem,Not Available,94,64min,5h to 8h,3h to 4h,0h,Family,Rented,Yes,"Mobile, Laptop",1st Sem,0,3.94
D-19-CS-12,Female,20,6,Alive,Businessman,Private,Other,Merit,Sindh (Rural),Sukkur (Rural),Karachi,7th Sem,Not Available,94,64min,5h to 8h,3h to 4h,0h,Family,Rented,Yes,"Mobile, Laptop",2nd Sem,0,3.88
D-19-CS-12,Female,20,6,Alive,Businessman,Private,Other,Merit,Sindh (Rural),Sukkur (Rural),Karachi,7th Sem,Not Available,94,64min,5h to 8h,3h to 4h,0h,Family,Rented,Yes,"Mobile, Laptop",3rd Sem,0,3.93
D-19-CS-12,Female,20,6,Alive,Businessman,Private,Other,Merit,Sindh (Rural),Sukkur (Rural),Karachi,7th Sem,Not Available,94,64min,5h to 8h,3h to 4h,0h,Family,Rented,Yes,"Mobile, Laptop",4th Sem,0,3.68
D-19-CS-12,Female,20,6,Alive,Businessman,Private,Other,Merit,Sindh (Rural),Sukkur (Rural),Karachi,7th Sem,Not Available,94,64min,5h to 8h,3h to 4h,0h,Family,Rented,Yes,"Mobile, Laptop",5th Sem,0,3.85
D-19-CS-13,Female,22,5,Alive,Other,Govt.,Other,Merit,Sindh (Urban),Karachi (Urban),Karachi,7th Sem,Other,83,40min,1.5h to 3h,3h to 4h,0h,Family,Owned,Yes,"Mobile, Laptop",1st Sem,0,3.87
D-19-CS-13,Female,22,5,Alive,Other,Govt.,Other,Merit,Sindh (Urban),Karachi (Urban),Karachi,7th Sem,Other,83,40min,1.5h to 3h,3h to 4h,0h,Family,Owned,Yes,"Mobile, Laptop",2nd Sem,0,3.77
D-19-CS-13,Female,22,5,Alive,Other,Govt.,Other,Merit,Sindh (Urban),Karachi (Urban),Karachi,7th Sem,Other,83,40min,1.5h to 3h,3h to 4h,0h,Family,Owned,Yes,"Mobile, Laptop",3rd Sem,0,4
D-19-CS-13,Female,22,5,Alive,Other,Govt.,Other,Merit,Sindh (Urban),Karachi (Urban),Karachi,7th Sem,Other,83,40min,1.5h to 3h,3h to 4h,0h,Family,Owned,Yes,"Mobile, Laptop",4th Sem,0,3.52
D-19-CS-13,Female,22,5,Alive,Other,Govt.,Other,Merit,Sindh (Urban),Karachi (Urban),Karachi,7th Sem,Other,83,40min,1.5h to 3h,3h to 4h,0h,Family,Owned,Yes,"Mobile, Laptop",5th Sem,0,3.78
D-19-CS-14,Male,22,6,Alive,Businessman,Govt.,Govt. Institute,Merit,Sindh (Urban),Shikarpur,Larkana,7th Sem,Other,88,26min,1.5h to 3h,3h to 4h,6h+,Bachelor,Rented,Yes,"Mobile, Laptop",1st Sem,1,3.56
D-19-CS-14,Male,22,6,Alive,Businessman,Govt.,Govt. Institute,Merit,Sindh (Urban),Shikarpur,Larkana,7th Sem,Other,88,26min,1.5h to 3h,3h to 4h,6h+,Bachelor,Rented,Yes,"Mobile, Laptop",2nd Sem,0,3.79
D-19-CS-14,Male,22,6,Alive,Businessman,Govt.,Govt. Institute,Merit,Sindh (Urban),Shikarpur,Larkana,7th Sem,Other,88,26min,1.5h to 3h,3h to 4h,6h+,Bachelor,Rented,Yes,"Mobile, Laptop",3rd Sem,0,3.68
D-19-CS-14,Male,22,6,Alive,Businessman,Govt.,Govt. Institute,Merit,Sindh (Urban),Shikarpur,Larkana,7th Sem,Other,88,26min,1.5h to 3h,3h to 4h,6h+,Bachelor,Rented,Yes,"Mobile, Laptop",4th Sem,0,3.48
D-19-CS-14,Male,22,6,Alive,Businessman,Govt.,Govt. Institute,Merit,Sindh (Urban),Shikarpur,Larkana,7th Sem,Other,88,26min,1.5h to 3h,3h to 4h,6h+,Bachelor,Rented,Yes,"Mobile, Laptop",5th Sem,0,3.31
D-19-CS-15,Male,21,5,Alive,"Services (i.e. Police, Railways, Administrative etc.)",Govt.,Other,Merit,Sindh (Urban),Karachi Central,Karachi,7th Sem,Not Available,80,58min,1.5h to 3h,6h to 10h,0h,Family,Owned,Yes,"Mobile, Computer",1st Sem,0,3.7
D-19-CS-15,Male,21,5,Alive,"Services (i.e. Police, Railways, Administrative etc.)",Govt.,Other,Merit,Sindh (Urban),Karachi Central,Karachi,7th Sem,Not Available,80,58min,1.5h to 3h,6h to 10h,0h,Family,Owned,Yes,"Mobile, Computer",2nd Sem,0,3.95
D-19-CS-15,Male,21,5,Alive,"Services (i.e. Police, Railways, Administrative etc.)",Govt.,Other,Merit,Sindh (Urban),Karachi Central,Karachi,7th Sem,Not Available,80,58min,1.5h to 3h,3h to 4h,6h+,Family,Owned,Yes,"Mobile, Computer",3rd Sem,0,3.68
D-19-CS-15,Male,21,5,Alive,"Services (i.e. Police, Railways, Administrative etc.)",Govt.,Other,Merit,Sindh (Urban),Karachi Central,Karachi,7th Sem,Not Available,80,58min,1.5h to 3h,3h to 4h,6h+,Family,Owned,Yes,"Mobile, Computer",4th Sem,0,3.52
D-19-CS-15,Male,21,5,Alive,"Services (i.e. Police, Railways, Administrative etc.)",Govt.,Other,Merit,Sindh (Urban),Karachi Central,Karachi,7th Sem,Not Available,80,58min,1.5h to 3h,6h to 10h,0h,Family,Owned,Yes,"Mobile, Computer",5th Sem,0,3.02
D-19-CS-16,Female,22,5,Alive,"Services (i.e. Police, Railways, Administrative etc.)",Govt.,Interest in the Department/Field,Merit,Sindh (Urban),Karachi Central,Karachi,7th Sem,Arts,84,26min,3h to 5h,3h to 4h,0h,Family,Owned,Yes,"Mobile, Laptop, Computer",1st Sem,0,3.76
D-19-CS-16,Female,22,5,Alive,"Services (i.e. Police, Railways, Administrative etc.)",Govt.,Interest in the Department/Field,Merit,Sindh (Urban),Karachi Central,Karachi,7th Sem,Arts,84,26min,3h to 5h,3h to 4h,0h,Family,Owned,Yes,"Mobile, Laptop, Computer",2nd Sem,0,3.88
D-19-CS-16,Female,22,5,Alive,"Services (i.e. Police, Railways, Administrative etc.)",Govt.,Interest in the Department/Field,Merit,Sindh (Urban),Karachi Central,Karachi,7th Sem,Arts,84,26min,3h to 5h,3h to 4h,0h,Family,Owned,Yes,"Mobile, Laptop, Computer",3rd Sem,0,3.83
D-19-CS-16,Female,22,5,Alive,"Services (i.e. Police, Railways, Administrative etc.)",Govt.,Interest in the Department/Field,Merit,Sindh (Urban),Karachi Central,Karachi,7th Sem,Arts,84,26min,3h to 5h,3h to 4h,0h,Family,Owned,Yes,"Mobile, Laptop, Computer",4th Sem,0,3.65
D-19-CS-16,Female,22,5,Alive,"Services (i.e. Police, Railways, Administrative etc.)",Govt.,Interest in the Department/Field,Merit,Sindh (Urban),Karachi Central,Karachi,7th Sem,Arts,84,26min,3h to 5h,3h to 4h,0h,Family,Owned,Yes,"Mobile, Laptop, Computer",5th Sem,0,3.75
D-19-CS-17,Male,23,8,Alive,Other,Govt.,Interest in the Department/Field,Merit,Sindh (Urban),Karachi East,Karachi,7th Sem,Not Available,85,74min,8h+,3h to 4h,0h,Family,Owned,Yes,"Mobile, Laptop",1st Sem,0,4
D-19-CS-17,Male,23,8,Alive,Other,Govt.,Interest in the Department/Field,Merit,Sindh (Urban),Karachi East,Karachi,7th Sem,Not Available,85,74min,8h+,3h to 4h,0h,Family,Owned,Yes,"Mobile, Laptop",2nd Sem,0,3.96
D-19-CS-17,Male,23,8,Alive,Other,Govt.,Interest in the Department/Field,Merit,Sindh (Urban),Karachi East,Karachi,7th Sem,Not Available,85,74min,8h+,3h to 4h,0h,Family,Owned,Yes,"Mobile, Laptop",3rd Sem,0,3.43
D-19-CS-17,Male,23,8,Alive,Other,Govt.,Interest in the Department/Field,Merit,Sindh (Urban),Karachi East,Karachi,7th Sem,Not Available,85,74min,8h+,3h to 4h,0h,Family,Owned,Yes,"Mobile, Laptop",4th Sem,0,3.93
D-19-CS-17,Male,23,8,Alive,Other,Govt.,Interest in the Department/Field,Merit,Sindh (Urban),Karachi East,Karachi,7th Sem,Not Available,85,74min,8h+,3h to 4h,0h,Family,Owned,Yes,"Mobile, Laptop",5th Sem,0,3.85
D-19-CS-19,Male,21,7,Alive,Other,Private,Interest in the Department/Field,Merit,Sindh (Urban),Hyderabad (Urban),Hyderabad,7th Sem,Other,80,26min,3h to 5h,3h to 4h,0h,Bachelor,Rented,Yes,"Mobile, Laptop, Computer",1st Sem,0,3.68
D-19-CS-19,Male,21,7,Alive,Other,Private,Interest in the Department/Field,Merit,Sindh (Urban),Hyderabad (Urban),Hyderabad,7th Sem,Other,80,26min,1.5h to 3h,4h to 6h,2h to 4h,Bachelor,Rented,Yes,"Mobile, Laptop, Computer",2nd Sem,0,3.38
D-19-CS-19,Male,21,7,Alive,Other,Private,Interest in the Department/Field,Merit,Sindh (Urban),Hyderabad (Urban),Hyderabad,7th Sem,Other,80,26min,1.5h to 3h,4h to 6h,2h to 4h,Bachelor,Rented,Yes,"Mobile, Laptop, Computer",3rd Sem,0,3.85
D-19-CS-19,Male,21,7,Alive,Other,Private,Interest in the Department/Field,Merit,Sindh (Urban),Hyderabad (Urban),Hyderabad,7th Sem,Other,80,26min,1.5h to 3h,3h to 4h,6h+,Bachelor,Rented,Yes,"Mobile, Laptop, Computer",4th Sem,0,3.63
D-19-CS-19,Male,21,7,Alive,Other,Private,Interest in the Department/Field,Merit,Sindh (Urban),Hyderabad (Urban),Hyderabad,7th Sem,Other,80,26min,1.5h to 3h,4h to 6h,2h to 4h,Bachelor,Rented,Yes,"Mobile, Laptop, Computer",5th Sem,0,3.38
D-19-CS-20,Male,22,6,Alive,Engineer,Private,Interest in the Department/Field,Merit,Sindh (Rural),Badin,Badin,7th Sem,Debate/Seminar,88,64min,3h to 5h,3h to 4h,0h,Bachelor,Rented,Yes,"Mobile, Laptop",1st Sem,0,3.44
D-19-CS-20,Male,22,6,Alive,Engineer,Private,Interest in the Department/Field,Merit,Sindh (Rural),Badin,Badin,7th Sem,Debate/Seminar,88,64min,1.5h to 3h,6h to 10h,0h,Bachelor,Rented,Yes,"Mobile, Laptop",2nd Sem,0,3.89
D-19-CS-20,Male,22,6,Alive,Engineer,Private,Interest in the Department/Field,Merit,Sindh (Rural),Badin,Badin,7th Sem,Debate/Seminar,88,64min,3h to 5h,3h to 4h,0h,Bachelor,Rented,Yes,"Mobile, Laptop",3rd Sem,0,3.65
D-19-CS-20,Male,22,6,Alive,Engineer,Private,Interest in the Department/Field,Merit,Sindh (Rural),Badin,Badin,7th Sem,Debate/Seminar,88,64min,1.5h to 3h,6h to 10h,0h,Bachelor,Rented,Yes,"Mobile, Laptop",4th Sem,0,3.63
D-19-CS-20,Male,22,6,Alive,Engineer,Private,Interest in the Department/Field,Merit,Sindh (Rural),Badin,Badin,7th Sem,Debate/Seminar,88,64min,1.5h to 3h,6h to 10h,0h,Bachelor,Rented,Yes,"Mobile, Laptop",5th Sem,0,3.62
D-19-CS-21,Male,21,2,Alive,"Services (i.e. Police, Railways, Administrative etc.)",Govt.,Govt. Institute,Merit,Sindh (Urban),Karachi (Urban),Karachi,7th Sem,Lecture Competition,87,54min,1h to 1.5h,3h to 4h,0h,Family,Rented,Yes,"Mobile, Laptop, Computer, Printer",1st Sem,0,3.94
D-19-CS-21,Male,21,2,Alive,"Services (i.e. Police, Railways, Administrative etc.)",Govt.,Govt. Institute,Merit,Sindh (Urban),Karachi (Urban),Karachi,7th Sem,Lecture Competition,87,54min,1h to 1.5h,3h to 4h,0h,Family,Rented,Yes,"Mobile, Laptop, Computer, Printer",2nd Sem,0,4
D-19-CS-21,Male,21,2,Alive,"Services (i.e. Police, Railways, Administrative etc.)",Govt.,Govt. Institute,Merit,Sindh (Urban),Karachi (Urban),Karachi,7th Sem,Lecture Competition,87,54min,1h to 1.5h,3h to 4h,0h,Family,Rented,Yes,"Mobile, Laptop, Computer, Printer",3rd Sem,0,3.85
D-19-CS-21,Male,21,2,Alive,"Services (i.e. Police, Railways, Administrative etc.)",Govt.,Govt. Institute,Merit,Sindh (Urban),Karachi (Urban),Karachi,7th Sem,Lecture Competition,87,54min,1h to 1.5h,3h to 4h,0h,Family,Rented,Yes,"Mobile, Laptop, Computer, Printer",4th Sem,0,3.88
D-19-CS-21,Male,21,2,Alive,"Services (i.e. Police, Railways, Administrative etc.)",Govt.,Govt. Institute,Merit,Sindh (Urban),Karachi (Urban),Karachi,7th Sem,Lecture Competition,87,54min,1.5h to 3h,3h to 4h,1h to 2h,Family,Rented,Yes,"Mobile, Laptop, Computer, Printer",5th Sem,0,3.9
D-19-CS-22 ,Male,22,4,Decease,"Services (i.e. Police, Railways, Administrative etc.)",Govt.,Interest in the Department/Field,Merit,Sindh (Rural),Shaheed Benazirabad,Nawabshah,7th Sem,Other,73,58min,3h to 5h,3h to 4h,0h,Bachelor,Rented,Yes,"Mobile, Laptop",1st Sem,1,3.38
D-19-CS-22 ,Male,22,4,Decease,"Services (i.e. Police, Railways, Administrative etc.)",Govt.,Interest in the Department/Field,Merit,Sindh (Rural),Shaheed Benazirabad,Nawabshah,7th Sem,Other,73,58min,1h to 1.5h,3h to 4h,0h,Bachelor,Rented,Yes,"Mobile, Laptop",2nd Sem,0,3.54
D-19-CS-22 ,Male,22,4,Decease,"Services (i.e. Police, Railways, Administrative etc.)",Govt.,Interest in the Department/Field,Merit,Sindh (Rural),Shaheed Benazirabad,Nawabshah,7th Sem,Other,73,58min,3h to 5h,3h to 4h,0h,Bachelor,Rented,Yes,"Mobile, Laptop",3rd Sem,0,3.58
D-19-CS-22 ,Male,22,4,Decease,"Services (i.e. Police, Railways, Administrative etc.)",Govt.,Interest in the Department/Field,Merit,Sindh (Rural),Shaheed Benazirabad,Nawabshah,7th Sem,Other,73,58min,1h to 1.5h,3h to 4h,0h,Bachelor,Rented,Yes,"Mobile, Laptop",4th Sem,0,3.4
D-19-CS-22 ,Male,22,4,Decease,"Services (i.e. Police, Railways, Administrative etc.)",Govt.,Interest in the Department/Field,Merit,Sindh (Rural),Shaheed Benazirabad,Nawabshah,7th Sem,Other,73,58min,1h to 1.5h,3h to 4h,0h,Bachelor,Rented,Yes,"Mobile, Laptop",5th Sem,0,3
D-19-CS-23,Female,24,6,Alive,Other,Govt.,Interest in the Department/Field,Merit,Sindh (Rural),Naushahro Feroze,Kandiaro,7th Sem,Debate/Seminar,87,38min,3h to 5h,3h to 4h,0h,Bachelor,Rented,Yes,"Mobile, Laptop, Computer",1st Sem,0,3.11
D-19-CS-23,Female,24,6,Alive,Other,Govt.,Interest in the Department/Field,Merit,Sindh (Rural),Naushahro Feroze,Kandiaro,7th Sem,Debate/Seminar,87,38min,3h to 5h,3h to 4h,0h,Bachelor,Rented,Yes,"Mobile, Laptop, Computer",2nd Sem,0,3.52
D-19-CS-23,Female,24,6,Alive,Other,Govt.,Interest in the Department/Field,Merit,Sindh (Rural),Naushahro Feroze,Kandiaro,7th Sem,Debate/Seminar,87,38min,3h to 5h,3h to 4h,0h,Bachelor,Rented,Yes,"Mobile, Laptop, Computer",3rd Sem,0,4
D-19-CS-23,Female,24,6,Alive,Other,Govt.,Interest in the Department/Field,Merit,Sindh (Rural),Naushahro Feroze,Kandiaro,7th Sem,Debate/Seminar,87,38min,3h to 5h,3h to 4h,0h,Bachelor,Rented,Yes,"Mobile, Laptop, Computer",4th Sem,0,3.49
D-19-CS-23,Female,24,6,Alive,Other,Govt.,Interest in the Department/Field,Merit,Sindh (Rural),Naushahro Feroze,Kandiaro,7th Sem,Debate/Seminar,87,38min,3h to 5h,3h to 4h,0h,Bachelor,Rented,Yes,"Mobile, Laptop, Computer",5th Sem,0,3.68
D-19-CS-24,Male,22,5,Alive,Other,Govt.,Govt. Institute,Merit,Sindh (Rural),Mirpur khas,Mirpurkhas,7th Sem,Not Available,80,26min,1.5h to 3h,3h to 4h,1h to 2h,Bachelor,Rented,Yes,"Mobile, Laptop",1st Sem,0,3.29
D-19-CS-24,Male,22,5,Alive,Other,Govt.,Govt. Institute,Merit,Sindh (Rural),Mirpur khas,Mirpurkhas,7th Sem,Not Available,80,26min,1.5h to 3h,3h to 4h,1h to 2h,Bachelor,Rented,Yes,"Mobile, Laptop",2nd Sem,0,3.59
D-19-CS-24,Male,22,5,Alive,Other,Govt.,Govt. Institute,Merit,Sindh (Rural),Mirpur khas,Mirpurkhas,7th Sem,Not Available,80,26min,1.5h to 3h,3h to 4h,1h to 2h,Bachelor,Rented,Yes,"Mobile, Laptop",3rd Sem,0,3.43
D-19-CS-24,Male,22,5,Alive,Other,Govt.,Govt. Institute,Merit,Sindh (Rural),Mirpur khas,Mirpurkhas,7th Sem,Not Available,80,26min,1.5h to 3h,3h to 4h,1h to 2h,Bachelor,Rented,Yes,"Mobile, Laptop",4th Sem,0,3.43
D-19-CS-24,Male,22,5,Alive,Other,Govt.,Govt. Institute,Merit,Sindh (Rural),Mirpur khas,Mirpurkhas,7th Sem,Not Available,80,26min,1.5h to 3h,3h to 4h,1h to 2h,Bachelor,Rented,Yes,"Mobile, Laptop",5th Sem,0,3.47
D-19-CS-25,Male,21,4,Alive,Other,Govt.,Govt. Institute,Merit,Sindh (Urban),Malir,Karachi,7th Sem,Not Available,79,74min,1.5h to 3h,6h to 10h,0h,Family,Owned,Yes,"Mobile, Laptop",1st Sem,0,3.74
D-19-CS-25,Male,21,4,Alive,Other,Govt.,Govt. Institute,Merit,Sindh (Urban),Malir,Karachi,7th Sem,Not Available,79,74min,1.5h to 3h,6h to 10h,0h,Family,Owned,Yes,"Mobile, Laptop",2nd Sem,0,3.51
D-19-CS-25,Male,21,4,Alive,Other,Govt.,Govt. Institute,Merit,Sindh (Urban),Malir,Karachi,7th Sem,Not Available,79,74min,1.5h to 3h,6h to 10h,0h,Family,Owned,Yes,"Mobile, Laptop",3rd Sem,0,3.93
D-19-CS-25,Male,21,4,Alive,Other,Govt.,Govt. Institute,Merit,Sindh (Urban),Malir,Karachi,7th Sem,Not Available,79,74min,1.5h to 3h,6h to 10h,0h,Family,Owned,Yes,"Mobile, Laptop",4th Sem,0,3.65
D-19-CS-25,Male,21,4,Alive,Other,Govt.,Govt. Institute,Merit,Sindh (Urban),Malir,Karachi,7th Sem,Not Available,79,74min,1.5h to 3h,6h to 10h,0h,Family,Owned,Yes,"Mobile, Laptop",5th Sem,0,3.66
D-19-CS-26 ,Female,22,7,Alive,Other,Govt.,Interest in the Department/Field,Merit,Sindh (Rural),Shaheed Benazirabad,Karachi,7th Sem,Other,87,64min,1.5h to 3h,3h to 4h,0h,Family,Rented,Yes,"Mobile, Laptop",1st Sem,0,2.92
D-19-CS-26 ,Female,22,7,Alive,Other,Govt.,Interest in the Department/Field,Merit,Sindh (Rural),Shaheed Benazirabad,Karachi,7th Sem,Other,87,64min,1.5h to 3h,3h to 4h,0h,Family,Rented,Yes,"Mobile, Laptop",2nd Sem,0,3.51
D-19-CS-26 ,Female,22,7,Alive,Other,Govt.,Interest in the Department/Field,Merit,Sindh (Rural),Shaheed Benazirabad,Karachi,7th Sem,Other,87,64min,1.5h to 3h,3h to 4h,0h,Family,Rented,Yes,"Mobile, Laptop",3rd Sem,0,3.75
D-19-CS-26 ,Female,22,7,Alive,Other,Govt.,Interest in the Department/Field,Merit,Sindh (Rural),Shaheed Benazirabad,Karachi,7th Sem,Other,87,64min,1.5h to 3h,3h to 4h,1h to 2h,Family,Rented,Yes,"Mobile, Laptop",4th Sem,0,3.54
D-19-CS-26 ,Female,22,7,Alive,Other,Govt.,Interest in the Department/Field,Merit,Sindh (Rural),Shaheed Benazirabad,Karachi,7th Sem,Other,87,64min,1.5h to 3h,3h to 4h,0h,Family,Rented,Yes,"Mobile, Laptop",5th Sem,0,3.21
D-19-CS-27 ,Male,21,6,Alive,Businessman,Govt.,Other,Merit,Sindh (Rural),Mirpur khas,Mirpurkhas,7th Sem,Not Available,75.08,26min,3h to 5h,3h to 4h,2h to 4h,Family,Owned,Yes,"Mobile, Laptop, Computer",1st Sem,0,3.36
D-19-CS-27 ,Male,21,6,Alive,Businessman,Govt.,Other,Merit,Sindh (Rural),Mirpur khas,Mirpurkhas,7th Sem,Not Available,75.08,26min,3h to 5h,3h to 4h,2h to 4h,Family,Owned,Yes,"Mobile, Laptop, Computer",2nd Sem,0,3.38
D-19-CS-27 ,Male,21,6,Alive,Businessman,Govt.,Other,Merit,Sindh (Rural),Mirpur khas,Mirpurkhas,7th Sem,Not Available,75.08,26min,3h to 5h,3h to 4h,1h to 2h,Family,Owned,Yes,"Mobile, Laptop, Computer",3rd Sem,0,3.5
D-19-CS-27 ,Male,21,6,Alive,Businessman,Govt.,Other,Merit,Sindh (Rural),Mirpur khas,Mirpurkhas,7th Sem,Not Available,75.08,26min,3h to 5h,3h to 4h,2h to 4h,Family,Owned,Yes,"Mobile, Laptop, Computer",4th Sem,1,3.29
D-19-CS-27 ,Male,21,6,Alive,Businessman,Govt.,Other,Merit,Sindh (Rural),Mirpur khas,Mirpurkhas,7th Sem,Not Available,75.08,26min,3h to 5h,3h to 4h,2h to 4h,Family,Owned,Yes,"Mobile, Laptop, Computer",5th Sem,0,3.02
D-19-CS-29,Male,22,11,Alive,Retired,Govt.,Govt. Institute,Merit,Sindh (Rural),Naushahro Feroze,Madd Koondhar,7th Sem,Not Available,80,64min,3h to 5h,3h to 4h,1h to 2h,Bachelor,Owned,Yes,"Mobile, Laptop, Computer, Printer",1st Sem,1,3.43
D-19-CS-29,Male,22,11,Alive,Retired,Govt.,Govt. Institute,Merit,Sindh (Rural),Naushahro Feroze,Madd Koondhar,7th Sem,Not Available,80,64min,3h to 5h,3h to 4h,1h to 2h,Bachelor,Owned,Yes,"Mobile, Laptop, Computer, Printer",2nd Sem,0,3.7
D-19-CS-29,Male,22,11,Alive,Retired,Govt.,Govt. Institute,Merit,Sindh (Rural),Naushahro Feroze,Madd Koondhar,7th Sem,Not Available,80,64min,3h to 5h,3h to 4h,1h to 2h,Bachelor,Owned,Yes,"Mobile, Laptop, Computer, Printer",3rd Sem,0,3.78
D-19-CS-29,Male,22,11,Alive,Retired,Govt.,Govt. Institute,Merit,Sindh (Rural),Naushahro Feroze,Madd Koondhar,7th Sem,Not Available,80,64min,3h to 5h,3h to 4h,1h to 2h,Bachelor,Owned,Yes,"Mobile, Laptop, Computer, Printer",4th Sem,0,3.09
D-19-CS-29,Male,22,11,Alive,Retired,Govt.,Govt. Institute,Merit,Sindh (Rural),Naushahro Feroze,Madd Koondhar,7th Sem,Not Available,80,64min,3h to 5h,3h to 4h,1h to 2h,Bachelor,Owned,Yes,"Mobile, Laptop, Computer, Printer",5th Sem,0,3.17
D-19-CS-30,Male,23,5,Alive,Other,Private,Interest in the Department/Field,Merit,Sindh (Urban),Umerkot,Umerkot,7th Sem,Lecture Competition,77.7,26min,1.5h to 3h,3h to 4h,0h,Bachelor,Rented,Yes,"Mobile, Laptop",1st Sem,1,3.26
D-19-CS-30,Male,23,5,Alive,Other,Private,Interest in the Department/Field,Merit,Sindh (Urban),Umerkot,Umerkot,7th Sem,Lecture Competition,77.7,26min,5h to 8h,3h to 4h,1h to 2h,Bachelor,Rented,Yes,"Mobile, Laptop",2nd Sem,0,3.31
D-19-CS-30,Male,23,5,Alive,Other,Private,Interest in the Department/Field,Merit,Sindh (Urban),Umerkot,Umerkot,7th Sem,Lecture Competition,77.7,26min,5h to 8h,3h to 4h,1h to 2h,Bachelor,Rented,Yes,"Mobile, Laptop",3rd Sem,0,3.4
D-19-CS-30,Male,23,5,Alive,Other,Private,Interest in the Department/Field,Merit,Sindh (Urban),Umerkot,Umerkot,7th Sem,Lecture Competition,77.7,26min,5h to 8h,3h to 4h,1h to 2h,Bachelor,Rented,Yes,"Mobile, Laptop",4th Sem,0,2.94
D-19-CS-30,Male,23,5,Alive,Other,Private,Interest in the Department/Field,Merit,Sindh (Urban),Umerkot,Umerkot,7th Sem,Lecture Competition,77.7,26min,5h to 8h,3h to 4h,1h to 2h,Bachelor,Rented,Yes,"Mobile, Laptop",5th Sem,0,3.39
D-19-CSE-32,Male,22,5,Alive,Businessman,Govt.,Interest in the Department/Field,Merit,Sindh (Rural),Dadu,Dadu,7th Sem,Not Available,80,20min,5h to 8h,6h to 10h,1h to 2h,Bachelor,Rented,Yes,"Mobile, Laptop",1st Sem,1,3.21
D-19-CSE-32,Male,22,5,Alive,Businessman,Govt.,Interest in the Department/Field,Merit,Sindh (Rural),Dadu,Dadu,7th Sem,Not Available,80,20min,3h to 5h,3h to 4h,1h to 2h,Bachelor,Rented,Yes,"Mobile, Laptop",2nd Sem,0,3.65
D-19-CSE-32,Male,22,5,Alive,Businessman,Govt.,Interest in the Department/Field,Merit,Sindh (Rural),Dadu,Dadu,7th Sem,Not Available,80,20min,3h to 5h,3h to 4h,1h to 2h,Bachelor,Rented,Yes,"Mobile, Laptop",3rd Sem,0,3.78
D-19-CSE-32,Male,22,5,Alive,Businessman,Govt.,Interest in the Department/Field,Merit,Sindh (Rural),Dadu,Dadu,7th Sem,Not Available,80,20min,5h to 8h,6h to 10h,1h to 2h,Bachelor,Rented,Yes,"Mobile, Laptop",4th Sem,0,2.71
D-19-CSE-32,Male,22,5,Alive,Businessman,Govt.,Interest in the Department/Field,Merit,Sindh (Rural),Dadu,Dadu,7th Sem,Not Available,80,20min,5h to 8h,6h to 10h,1h to 2h,Bachelor,Rented,Yes,"Mobile, Laptop",5th Sem,0,2.71
D-19-CS-33,Male,23,5,Alive,"Services (i.e. Police, Railways, Administrative etc.)",Govt.,Other,Merit,GHQ,Azad Kashmir (AJK),Kotli,7th Sem,Other,78,26min,1.5h to 3h,3h to 4h,1h to 2h,Bachelor,Rented,Yes,"Mobile, Laptop, Printer",1st Sem,0,3.76
D-19-CS-33,Male,23,5,Alive,"Services (i.e. Police, Railways, Administrative etc.)",Govt.,Other,Merit,GHQ,Azad Kashmir (AJK),Kotli,7th Sem,Other,78,26min,1.5h to 3h,3h to 4h,1h to 2h,Bachelor,Rented,Yes,"Mobile, Laptop, Printer",2nd Sem,0,3.65
D-19-CS-33,Male,23,5,Alive,"Services (i.e. Police, Railways, Administrative etc.)",Govt.,Other,Merit,GHQ,Azad Kashmir (AJK),Kotli,7th Sem,Other,78,26min,1h to 1.5h,3h to 4h,1h to 2h,Bachelor,Rented,Yes,"Mobile, Laptop, Printer",3rd Sem,0,3.68
D-19-CS-33,Male,23,5,Alive,"Services (i.e. Police, Railways, Administrative etc.)",Govt.,Other,Merit,GHQ,Azad Kashmir (AJK),Kotli,7th Sem,Other,78,26min,1h to 1.5h,3h to 4h,1h to 2h,Bachelor,Rented,Yes,"Mobile, Laptop, Printer",4th Sem,0,3.44
D-19-CS-33,Male,23,5,Alive,"Services (i.e. Police, Railways, Administrative etc.)",Govt.,Other,Merit,GHQ,Azad Kashmir (AJK),Kotli,7th Sem,Other,78,26min,1h to 1.5h,3h to 4h,1h to 2h,Bachelor,Rented,Yes,"Mobile, Laptop, Printer",5th Sem,0,3.73
D-19-CS-34,Male,21,6,Alive,Businessman,Private,Govt. Institute,Self-Finance,Self Finance (LOCAL),Others,Umerkot,7th Sem,Other,76,20min,1.5h to 3h,3h to 4h,1h to 2h,Family,Rented,Yes,"Mobile, Laptop",1st Sem,2,2.93
D-19-CS-34,Male,21,6,Alive,Businessman,Private,Govt. Institute,Self-Finance,Self Finance (LOCAL),Others,Umerkot,7th Sem,Other,76,20min,1h to 1.5h,3h to 4h,1h to 2h,Family,Rented,Yes,"Mobile, Laptop",2nd Sem,0,2.98
D-19-CS-34,Male,21,6,Alive,Businessman,Private,Govt. Institute,Self-Finance,Self Finance (LOCAL),Others,Umerkot,7th Sem,Other,76,20min,1.5h to 3h,3h to 4h,1h to 2h,Family,Rented,Yes,"Mobile, Laptop",3rd Sem,0,3.43
D-19-CS-34,Male,21,6,Alive,Businessman,Private,Govt. Institute,Self-Finance,Self Finance (LOCAL),Others,Umerkot,7th Sem,Other,76,20min,1.5h to 3h,3h to 4h,1h to 2h,Family,Rented,Yes,"Mobile, Laptop",4th Sem,1,2.93
D-19-CS-34,Male,21,6,Alive,Businessman,Private,Govt. Institute,Self-Finance,Self Finance (LOCAL),Others,Umerkot,7th Sem,Other,76,20min,1.5h to 3h,3h to 4h,1h to 2h,Family,Rented,Yes,"Mobile, Laptop",5th Sem,0,2.4
D-19-CS-35,Male,21,5,Alive,Other,Govt.,Govt. Institute,Self-Finance,Sindh (Urban),Malir,Karachi,7th Sem,Other,75,64min,8h+,3h to 4h,0h,Family,Owned,Yes,"Mobile, Laptop, Computer",1st Sem,0,3.03
D-19-CS-35,Male,21,5,Alive,Other,Govt.,Govt. Institute,Self-Finance,Sindh (Urban),Malir,Karachi,7th Sem,Other,75,64min,8h+,3h to 4h,0h,Family,Owned,Yes,"Mobile, Laptop, Computer",2nd Sem,1,2.91
D-19-CS-35,Male,21,5,Alive,Other,Govt.,Govt. Institute,Self-Finance,Sindh (Urban),Malir,Karachi,7th Sem,Other,75,64min,8h+,3h to 4h,0h,Family,Owned,Yes,"Mobile, Laptop, Computer",3rd Sem,0,3.23
D-19-CS-35,Male,21,5,Alive,Other,Govt.,Govt. Institute,Self-Finance,Sindh (Urban),Malir,Karachi,7th Sem,Other,75,64min,8h+,3h to 4h,0h,Family,Owned,Yes,"Mobile, Laptop, Computer",4th Sem,0,2.57
D-19-CS-35,Male,21,5,Alive,Other,Govt.,Govt. Institute,Self-Finance,Sindh (Urban),Malir,Karachi,7th Sem,Other,75,64min,8h+,3h to 4h,0h,Family,Owned,Yes,"Mobile, Laptop, Computer",5th Sem,0,2.83
D-19-CS-36,Male,22,6,Alive,Businessman,Private,Other,Merit,Sindh (Rural),Larkana,Larkana,7th Sem,Arts,78,40min,8h+,3h to 4h,0h,Bachelor,Owned,Yes,"Mobile, Laptop, Computer",1st Sem,2,2.93
D-19-CS-36,Male,22,6,Alive,Businessman,Private,Other,Merit,Sindh (Rural),Larkana,Larkana,7th Sem,Arts,78,40min,1h to 1.5h,6h to 10h,2h to 4h,Bachelor,Owned,Yes,"Mobile, Laptop, Computer",2nd Sem,2,2.93
D-19-CS-36,Male,22,6,Alive,Businessman,Private,Other,Merit,Sindh (Rural),Larkana,Larkana,7th Sem,Arts,78,40min,1h to 1.5h,6h to 10h,2h to 4h,Bachelor,Owned,Yes,"Mobile, Laptop, Computer",3rd Sem,0,2.93
D-19-CS-36,Male,22,6,Alive,Businessman,Private,Other,Merit,Sindh (Rural),Larkana,Larkana,7th Sem,Arts,78,40min,3h to 5h,3h to 4h,1h to 2h,Bachelor,Owned,Yes,"Mobile, Laptop, Computer",4th Sem,2,2.93
D-19-CS-36,Male,22,6,Alive,Businessman,Private,Other,Merit,Sindh (Rural),Larkana,Larkana,7th Sem,Arts,78,40min,1h to 1.5h,6h to 10h,2h to 4h,Bachelor,Owned,Yes,"Mobile, Laptop, Computer",5th Sem,2,2.93
D-19-CS-37,Male,21,8,Alive,Other,Govt.,Govt. Institute,Self-Finance,Sindh (Rural),Qambar Shahdadkot,Larkana,7th Sem,Other,79,26min,3h to 5h,3h to 4h,0h,Bachelor,Rented,No,Mobile,1st Sem,2,2.85
D-19-CS-37,Male,21,8,Alive,Other,Govt.,Govt. Institute,Self-Finance,Sindh (Rural),Qambar Shahdadkot,Larkana,7th Sem,Other,79,26min,3h to 5h,3h to 4h,0h,Bachelor,Rented,No,Mobile,2nd Sem,0,3.26
D-19-CS-37,Male,21,8,Alive,Other,Govt.,Govt. Institute,Self-Finance,Sindh (Rural),Qambar Shahdadkot,Larkana,7th Sem,Other,79,26min,1h to 1.5h,6h to 10h,2h to 4h,Bachelor,Rented,No,Mobile,3rd Sem,0,3.18
D-19-CS-37,Male,21,8,Alive,Other,Govt.,Govt. Institute,Self-Finance,Sindh (Rural),Qambar Shahdadkot,Larkana,7th Sem,Other,79,26min,3h to 5h,3h to 4h,0h,Bachelor,Rented,No,Mobile,4th Sem,0,2.69
D-19-CS-37,Male,21,8,Alive,Other,Govt.,Govt. Institute,Self-Finance,Sindh (Rural),Qambar Shahdadkot,Larkana,7th Sem,Other,79,26min,1h to 1.5h,6h to 10h,2h to 4h,Bachelor,Rented,No,Mobile,5th Sem,0,2.28
D-19-CS-38,Male,23,6,Alive,Engineer,Govt.,Interest in the Department/Field,Merit,Sindh (Rural),Others,Ranipur,7th Sem,Other,74,68min,3h to 5h,3h to 4h,1h to 2h,Bachelor,Owned,Yes,"Mobile, Laptop, Printer",1st Sem,0,3.35
D-19-CS-38,Male,23,6,Alive,Engineer,Govt.,Interest in the Department/Field,Merit,Sindh (Rural),Others,Ranipur,7th Sem,Other,74,68min,5h to 8h,3h to 4h,0h,Bachelor,Owned,Yes,"Mobile, Laptop, Printer",2nd Sem,0,3.54
D-19-CS-38,Male,23,6,Alive,Engineer,Govt.,Interest in the Department/Field,Merit,Sindh (Rural),Others,Ranipur,7th Sem,Other,74,68min,5h to 8h,3h to 4h,0h,Bachelor,Owned,Yes,"Mobile, Laptop, Printer",3rd Sem,0,3.75
D-19-CS-38,Male,23,6,Alive,Engineer,Govt.,Interest in the Department/Field,Merit,Sindh (Rural),Others,Ranipur,7th Sem,Other,74,68min,3h to 5h,4h to 6h,1h to 2h,Bachelor,Owned,Yes,"Mobile, Laptop, Printer",4th Sem,0,3.05
D-19-CS-38,Male,23,6,Alive,Engineer,Govt.,Interest in the Department/Field,Merit,Sindh (Rural),Others,Ranipur,7th Sem,Other,74,68min,5h to 8h,3h to 4h,0h,Bachelor,Owned,Yes,"Mobile, Laptop, Printer",5th Sem,0,3.1
D-19-CS-39,Male,22,5,Alive,Retired,Govt.,Govt. Institute,Merit,Sindh (Urban),Karachi (Urban),Karachi,7th Sem,Other,75,40min,3h to 5h,4h to 6h,1h to 2h,Family,Owned,Yes,"Mobile, Laptop, Computer, Printer",1st Sem,0,3.46
D-19-CS-39,Male,22,5,Alive,Retired,Govt.,Govt. Institute,Merit,Sindh (Urban),Karachi (Urban),Karachi,7th Sem,Other,75,40min,3h to 5h,4h to 6h,1h to 2h,Family,Owned,Yes,"Mobile, Laptop, Computer, Printer",2nd Sem,0,3.72
D-19-CS-39,Male,22,5,Alive,Retired,Govt.,Govt. Institute,Merit,Sindh (Urban),Karachi (Urban),Karachi,7th Sem,Other,75,40min,3h to 5h,4h to 6h,1h to 2h,Family,Owned,Yes,"Mobile, Laptop, Computer, Printer",3rd Sem,0,3.25
D-19-CS-39,Male,22,5,Alive,Retired,Govt.,Govt. Institute,Merit,Sindh (Urban),Karachi (Urban),Karachi,7th Sem,Other,75,40min,3h to 5h,4h to 6h,1h to 2h,Family,Owned,Yes,"Mobile, Laptop, Computer, Printer",4th Sem,0,3.16
D-19-CS-39,Male,22,5,Alive,Retired,Govt.,Govt. Institute,Merit,Sindh (Urban),Karachi (Urban),Karachi,7th Sem,Other,75,40min,3h to 5h,4h to 6h,1h to 2h,Family,Owned,Yes,"Mobile, Laptop, Computer, Printer",5th Sem,0,3.02
D-19-CS-40,Male,21,4,Alive,Other,Govt.,Other,Merit,Sindh (Urban),Sukkur (Urban),Sukkur,7th Sem,Debate/Seminar,73,58min,3h to 5h,4h to 6h,1h to 2h,Family,Rented,Yes,"Mobile, Laptop",1st Sem,0,3.79
D-19-CS-40,Male,21,4,Alive,Other,Govt.,Other,Merit,Sindh (Urban),Sukkur (Urban),Sukkur,7th Sem,Debate/Seminar,73,58min,1h to 1.5h,6h to 10h,1h to 2h,Family,Rented,Yes,"Mobile, Laptop",2nd Sem,0,3.82
D-19-CS-40,Male,21,4,Alive,Other,Govt.,Other,Merit,Sindh (Urban),Sukkur (Urban),Sukkur,7th Sem,Debate/Seminar,73,58min,1h to 1.5h,6h to 10h,1h to 2h,Family,Rented,Yes,"Mobile, Laptop",3rd Sem,0,3.28
D-19-CS-40,Male,21,4,Alive,Other,Govt.,Other,Merit,Sindh (Urban),Sukkur (Urban),Sukkur,7th Sem,Debate/Seminar,73,58min,1.5h to 3h,3h to 4h,1h to 2h,Family,Rented,Yes,"Mobile, Laptop",4th Sem,0,3.41
D-19-CS-40,Male,21,4,Alive,Other,Govt.,Other,Merit,Sindh (Urban),Sukkur (Urban),Sukkur,7th Sem,Debate/Seminar,73,58min,1.5h to 3h,3h to 4h,1h to 2h,Family,Rented,Yes,"Mobile, Laptop",5th Sem,0,3.41
D-19-CS-41,Female,21,6,Alive,"Services (i.e. Police, Railways, Administrative etc.)",Private,Govt. Institute,Merit,Gilgit Baltistan (Nominee),Gilgit Baltistan,Gilgit,7th Sem,Debate/Seminar,88,20min,1h to 1.5h,6h to 10h,1h to 2h,Family,Owned,Yes,"Mobile, Laptop",1st Sem,0,3.83
D-19-CS-41,Female,21,6,Alive,"Services (i.e. Police, Railways, Administrative etc.)",Private,Govt. Institute,Merit,Gilgit Baltistan (Nominee),Gilgit Baltistan,Gilgit,7th Sem,Debate/Seminar,88,20min,3h to 5h,3h to 4h,1h to 2h,Family,Owned,Yes,"Mobile, Laptop",2nd Sem,0,3.66
D-19-CS-41,Female,21,6,Alive,"Services (i.e. Police, Railways, Administrative etc.)",Private,Govt. Institute,Merit,Gilgit Baltistan (Nominee),Gilgit Baltistan,Gilgit,7th Sem,Debate/Seminar,88,20min,3h to 5h,3h to 4h,1h to 2h,Family,Owned,Yes,"Mobile, Laptop",3rd Sem,0,3.85
D-19-CS-41,Female,21,6,Alive,"Services (i.e. Police, Railways, Administrative etc.)",Private,Govt. Institute,Merit,Gilgit Baltistan (Nominee),Gilgit Baltistan,Gilgit,7th Sem,Debate/Seminar,88,20min,3h to 5h,3h to 4h,1h to 2h,Family,Owned,Yes,"Mobile, Laptop",4th Sem,0,3.88
D-19-CS-41,Female,21,6,Alive,"Services (i.e. Police, Railways, Administrative etc.)",Private,Govt. Institute,Merit,Gilgit Baltistan (Nominee),Gilgit Baltistan,Gilgit,7th Sem,Debate/Seminar,88,20min,3h to 5h,3h to 4h,1h to 2h,Family,Owned,Yes,"Mobile, Laptop",5th Sem,0,2.94
D-19-CS-42,Female,24,6,Alive,"Services (i.e. Police, Railways, Administrative etc.)",Private,Interest in the Department/Field,Merit,Sindh (Urban),Karachi Central,Karachi,7th Sem,Speech,78,40min,1.5h to 3h,3h to 4h,2h to 4h,Family,Owned,Yes,"Mobile, Laptop, Computer",1st Sem,1,3.03
D-19-CS-42,Female,24,6,Alive,"Services (i.e. Police, Railways, Administrative etc.)",Private,Interest in the Department/Field,Merit,Sindh (Urban),Karachi Central,Karachi,7th Sem,Speech,78,40min,3h to 5h,3h to 4h,1h to 2h,Family,Owned,Yes,"Mobile, Laptop, Computer",2nd Sem,0,3.66
D-19-CS-42,Female,24,6,Alive,"Services (i.e. Police, Railways, Administrative etc.)",Private,Interest in the Department/Field,Merit,Sindh (Urban),Karachi Central,Karachi,7th Sem,Speech,78,40min,1.5h to 3h,3h to 4h,2h to 4h,Family,Owned,Yes,"Mobile, Laptop, Computer",3rd Sem,0,3.35
D-19-CS-42,Female,24,6,Alive,"Services (i.e. Police, Railways, Administrative etc.)",Private,Interest in the Department/Field,Merit,Sindh (Urban),Karachi Central,Karachi,7th Sem,Speech,78,40min,1.5h to 3h,3h to 4h,2h to 4h,Family,Owned,Yes,"Mobile, Laptop, Computer",4th Sem,0,3.04
D-19-CS-42,Female,24,6,Alive,"Services (i.e. Police, Railways, Administrative etc.)",Private,Interest in the Department/Field,Merit,Sindh (Urban),Karachi Central,Karachi,7th Sem,Speech,78,40min,3h to 5h,3h to 4h,1h to 2h,Family,Owned,Yes,"Mobile, Laptop, Computer",5th Sem,0,2.09
D-19-CS-43,Male,23,4,Alive,Engineer,Govt.,Govt. Institute,Merit,Sindh (Urban),Karachi North,Karachi,7th Sem,Arts,80,26min,5h to 8h,3h to 4h,0h,Family,Owned,Yes,"Mobile, Laptop, Computer",1st Sem,0,3.27
D-19-CS-43,Male,23,4,Alive,Engineer,Govt.,Govt. Institute,Merit,Sindh (Urban),Karachi North,Karachi,7th Sem,Arts,80,26min,5h to 8h,3h to 4h,0h,Family,Owned,Yes,"Mobile, Laptop, Computer",2nd Sem,0,3.93
D-19-CS-43,Male,23,4,Alive,Engineer,Govt.,Govt. Institute,Merit,Sindh (Urban),Karachi North,Karachi,7th Sem,Arts,80,26min,3h to 5h,3h to 4h,1h to 2h,Family,Owned,Yes,"Mobile, Laptop, Computer",3rd Sem,0,3.12
D-19-CS-43,Male,23,4,Alive,Engineer,Govt.,Govt. Institute,Merit,Sindh (Urban),Karachi North,Karachi,7th Sem,Arts,80,26min,5h to 8h,3h to 4h,0h,Family,Owned,Yes,"Mobile, Laptop, Computer",4th Sem,0,3.63
D-19-CS-43,Male,23,4,Alive,Engineer,Govt.,Govt. Institute,Merit,Sindh (Urban),Karachi North,Karachi,7th Sem,Arts,80,26min,1.5h to 3h,3h to 4h,2h to 4h,Family,Owned,Yes,"Mobile, Laptop, Computer",5th Sem,0,3.12
D-19-CS-44 ,Female,22,7,Alive,Businessman,Private,Other,Merit,Sindh (Urban),Malir,Karachi,7th Sem,Other,80,120min,1.5h to 3h,3h to 4h,2h to 4h,Family,Owned,Yes,"Mobile, Laptop, Printer",1st Sem,1,3.56
D-19-CS-44 ,Female,22,7,Alive,Businessman,Private,Other,Merit,Sindh (Urban),Malir,Karachi,7th Sem,Other,80,120min,1h to 1.5h,4h to 6h,1h to 2h,Family,Owned,Yes,"Mobile, Laptop, Printer",2nd Sem,0,3.63
D-19-CS-44 ,Female,22,7,Alive,Businessman,Private,Other,Merit,Sindh (Urban),Malir,Karachi,7th Sem,Other,80,120min,1h to 1.5h,4h to 6h,1h to 2h,Family,Owned,Yes,"Mobile, Laptop, Printer",3rd Sem,0,3.75
D-19-CS-44 ,Female,22,7,Alive,Businessman,Private,Other,Merit,Sindh (Urban),Malir,Karachi,7th Sem,Other,80,120min,1h to 1.5h,4h to 6h,1h to 2h,Family,Owned,Yes,"Mobile, Laptop, Printer",4th Sem,0,3.42
D-19-CS-44 ,Female,22,7,Alive,Businessman,Private,Other,Merit,Sindh (Urban),Malir,Karachi,7th Sem,Other,80,120min,3h to 5h,3h to 4h,1h to 2h,Family,Owned,Yes,"Mobile, Laptop, Printer",5th Sem,0,3.46
D-19 CS-45,Female,21,7,Alive,Businessman,Govt.,Other,Merit,Azad Kashmir,Azad Kashmir (AJK),Karachi,7th Sem,Not Available,80,20min,5h to 8h,3h to 4h,0h,Family,Owned,Yes,"Mobile, Laptop, Computer",1st Sem,0,3.36
D-19 CS-45,Female,21,7,Alive,Businessman,Govt.,Other,Merit,Azad Kashmir,Azad Kashmir (AJK),Karachi,7th Sem,Not Available,80,20min,1h to 1.5h,4h to 6h,1h to 2h,Family,Owned,Yes,"Mobile, Laptop, Computer",2nd Sem,0,3.66
D-19 CS-45,Female,21,7,Alive,Businessman,Govt.,Other,Merit,Azad Kashmir,Azad Kashmir (AJK),Karachi,7th Sem,Not Available,80,20min,1h to 1.5h,4h to 6h,1h to 2h,Family,Owned,Yes,"Mobile, Laptop, Computer",3rd Sem,0,3.75
D-19 CS-45,Female,21,7,Alive,Businessman,Govt.,Other,Merit,Azad Kashmir,Azad Kashmir (AJK),Karachi,7th Sem,Not Available,80,20min,3h to 5h,3h to 4h,1h to 2h,Family,Owned,Yes,"Mobile, Laptop, Computer",4th Sem,0,3.33
D-19 CS-45,Female,21,7,Alive,Businessman,Govt.,Other,Merit,Azad Kashmir,Azad Kashmir (AJK),Karachi,7th Sem,Not Available,80,20min,1h to 1.5h,4h to 6h,1h to 2h,Family,Owned,Yes,"Mobile, Laptop, Computer",5th Sem,0,2.94
D-19-CS-46,Male,22,7,Alive,Other,Govt.,Govt. Institute,Merit,Sindh (Urban),Karachi Central,Karachi,7th Sem,Not Available,70,28min,5h to 8h,3h to 4h,0h,Family,Owned,Yes,"Mobile, Laptop",1st Sem,0,3.81
D-19-CS-46,Male,22,7,Alive,Other,Govt.,Govt. Institute,Merit,Sindh (Urban),Karachi Central,Karachi,7th Sem,Not Available,70,28min,0h,3h to 4h,0h,Family,Owned,Yes,"Mobile, Laptop",2nd Sem,0,3.7
D-19-CS-46,Male,22,7,Alive,Other,Govt.,Govt. Institute,Merit,Sindh (Urban),Karachi Central,Karachi,7th Sem,Not Available,70,28min,0h,3h to 4h,0h,Family,Owned,Yes,"Mobile, Laptop",3rd Sem,0,3.68
D-19-CS-46,Male,22,7,Alive,Other,Govt.,Govt. Institute,Merit,Sindh (Urban),Karachi Central,Karachi,7th Sem,Not Available,70,28min,1h to 1.5h,4h to 6h,1h to 2h,Family,Owned,Yes,"Mobile, Laptop",4th Sem,0,3.02
D-19-CS-46,Male,22,7,Alive,Other,Govt.,Govt. Institute,Merit,Sindh (Urban),Karachi Central,Karachi,7th Sem,Not Available,70,28min,1h to 1.5h,4h to 6h,1h to 2h,Family,Owned,Yes,"Mobile, Laptop",5th Sem,0,3.06
D-19-CS-47,Male,24,5,Alive,Other,Govt.,Interest in the Department/Field,Merit,Sindh (Urban),Karachi South,Karachi,7th Sem,Other,76,20min,5h to 8h,3h to 4h,1h to 2h,Family,Owned,Yes,"Mobile, Laptop, Computer, Printer",1st Sem,1,3.48
D-19-CS-47,Male,24,5,Alive,Other,Govt.,Interest in the Department/Field,Merit,Sindh (Urban),Karachi South,Karachi,7th Sem,Other,76,20min,5h to 8h,3h to 4h,1h to 2h,Family,Owned,Yes,"Mobile, Laptop, Computer, Printer",2nd Sem,0,3.56
D-19-CS-47,Male,24,5,Alive,Other,Govt.,Interest in the Department/Field,Merit,Sindh (Urban),Karachi South,Karachi,7th Sem,Other,76,20min,5h to 8h,3h to 4h,1h to 2h,Family,Owned,Yes,"Mobile, Laptop, Computer, Printer",3rd Sem,0,3.85
D-19-CS-47,Male,24,5,Alive,Other,Govt.,Interest in the Department/Field,Merit,Sindh (Urban),Karachi South,Karachi,7th Sem,Other,76,20min,1h to 1.5h,3h to 4h,4h to 6h,Family,Owned,Yes,"Mobile, Laptop, Computer, Printer",4th Sem,0,2.99
D-19-CS-47,Male,24,5,Alive,Other,Govt.,Interest in the Department/Field,Merit,Sindh (Urban),Karachi South,Karachi,7th Sem,Other,76,20min,1h to 1.5h,3h to 4h,4h to 6h,Family,Owned,Yes,"Mobile, Laptop, Computer, Printer",5th Sem,0,3.53
D-19-CS-48,Male,22,6,Alive,Engineer,Govt.,Interest in the Department/Field,Merit,Sindh (Urban),Karachi (Urban),Karachi,7th Sem,Other,75,46min,3h to 5h,3h to 4h,1h to 2h,Family,Owned,Yes,"Mobile, Laptop",1st Sem,0,3.66
D-19-CS-48,Male,22,6,Alive,Engineer,Govt.,Interest in the Department/Field,Merit,Sindh (Urban),Karachi (Urban),Karachi,7th Sem,Other,75,46min,5h to 8h,3h to 4h,1h to 2h,Family,Owned,Yes,"Mobile, Laptop",2nd Sem,0,3.66
D-19-CS-48,Male,22,6,Alive,Engineer,Govt.,Interest in the Department/Field,Merit,Sindh (Urban),Karachi (Urban),Karachi,7th Sem,Other,75,46min,1h to 1.5h,3h to 4h,4h to 6h,Family,Owned,Yes,"Mobile, Laptop",3rd Sem,0,3.75
D-19-CS-48,Male,22,6,Alive,Engineer,Govt.,Interest in the Department/Field,Merit,Sindh (Urban),Karachi (Urban),Karachi,7th Sem,Other,75,46min,1h to 1.5h,3h to 4h,4h to 6h,Family,Owned,Yes,"Mobile, Laptop",4th Sem,0,3.54
D-19-CS-48,Male,22,6,Alive,Engineer,Govt.,Interest in the Department/Field,Merit,Sindh (Urban),Karachi (Urban),Karachi,7th Sem,Other,75,46min,1h to 1.5h,3h to 4h,4h to 6h,Family,Owned,Yes,"Mobile, Laptop",5th Sem,0,3.26
D-19-CS-49,Male,23,5,Alive,Other,Govt.,Interest in the Department/Field,Merit,Sindh (Rural),Naushahro Feroze,Moro,7th Sem,Not Available,87,40min,3h to 5h,3h to 4h,1h to 2h,Bachelor,Rented,Yes,"Mobile, Laptop, Computer",1st Sem,1,3.18
D-19-CS-49,Male,23,5,Alive,Other,Govt.,Interest in the Department/Field,Merit,Sindh (Rural),Naushahro Feroze,Moro,7th Sem,Not Available,87,40min,1h to 1.5h,4h to 6h,2h to 4h,Bachelor,Rented,Yes,"Mobile, Laptop, Computer",2nd Sem,1,3.18
D-19-CS-49,Male,23,5,Alive,Other,Govt.,Interest in the Department/Field,Merit,Sindh (Rural),Naushahro Feroze,Moro,7th Sem,Not Available,87,40min,1h to 1.5h,4h to 6h,2h to 4h,Bachelor,Rented,Yes,"Mobile, Laptop, Computer",3rd Sem,0,3.18
D-19-CS-49,Male,23,5,Alive,Other,Govt.,Interest in the Department/Field,Merit,Sindh (Rural),Naushahro Feroze,Moro,7th Sem,Not Available,87,40min,1h to 1.5h,4h to 6h,2h to 4h,Bachelor,Rented,Yes,"Mobile, Laptop, Computer",4th Sem,1,3.18
D-19-CS-49,Male,23,5,Alive,Other,Govt.,Interest in the Department/Field,Merit,Sindh (Rural),Naushahro Feroze,Moro,7th Sem,Not Available,87,40min,3h to 5h,3h to 4h,1h to 2h,Bachelor,Rented,Yes,"Mobile, Laptop, Computer",5th Sem,1,3.18
D-19-CS-50,Male,22,5,Decease,Other,Govt.,Govt. Institute,Merit,Sindh (Urban),Larkana,Larkana,7th Sem,Lecture Competition,80,26min,1.5h to 3h,4h to 6h,1h to 2h,Bachelor,Rented,Yes,Mobile,1st Sem,2,2.71
D-19-CS-50,Male,22,5,Decease,Other,Govt.,Govt. Institute,Merit,Sindh (Urban),Larkana,Larkana,7th Sem,Lecture Competition,80,26min,3h to 5h,3h to 4h,1h to 2h,Bachelor,Rented,Yes,Mobile,2nd Sem,0,2.79
D-19-CS-50,Male,22,5,Decease,Other,Govt.,Govt. Institute,Merit,Sindh (Urban),Larkana,Larkana,7th Sem,Lecture Competition,80,26min,1h to 1.5h,3h to 4h,4h to 6h,Bachelor,Rented,Yes,Mobile,3rd Sem,1,3.25
D-19-CS-50,Male,22,5,Decease,Other,Govt.,Govt. Institute,Merit,Sindh (Urban),Larkana,Larkana,7th Sem,Lecture Competition,80,26min,1h to 1.5h,4h to 6h,2h to 4h,Bachelor,Rented,Yes,Mobile,4th Sem,1,2.71
D-19-CS-50,Male,22,5,Decease,Other,Govt.,Govt. Institute,Merit,Sindh (Urban),Larkana,Larkana,7th Sem,Lecture Competition,80,26min,1h to 1.5h,4h to 6h,2h to 4h,Bachelor,Rented,Yes,Mobile,5th Sem,0,2.09
D-19-18-CS-40,Male,20,4,Alive,Not Applicable,Govt.,Govt. Institute,Merit,Sindh (Urban),Karachi (Urban),Karachi,7th Sem,Not Available,82,58min,3h to 5h,3h to 4h,1h to 2h,Family,Rented,Yes,Laptop,1st Sem,0,3.7
D-19-18-CS-40,Male,20,4,Alive,Not Applicable,Govt.,Govt. Institute,Merit,Sindh (Urban),Karachi (Urban),Karachi,7th Sem,Not Available,82,58min,5h to 8h,3h to 4h,1h to 2h,Family,Rented,Yes,Laptop,2nd Sem,0,3.6
D-19-18-CS-40,Male,21,4,Alive,Not Applicable,Govt.,Govt. Institute,Merit,Sindh (Urban),Karachi (Urban),Karachi,7th Sem,Not Available,82,58min,5h to 8h,3h to 4h,1h to 2h,Family,Rented,Yes,Laptop,3rd Sem,0,3.4
D-19-18-CS-40,Male,21,4,Alive,Not Applicable,Govt.,Govt. Institute,Merit,Sindh (Urban),Karachi (Urban),Karachi,7th Sem,Not Available,82,58min,1h to 1.5h,3h to 4h,4h to 6h,Family,Rented,Yes,Laptop,4th Sem,0,3.3
D-19-18-CS-40,Male,22,4,Alive,Not Applicable,Govt.,Govt. Institute,Merit,Sindh (Urban),Karachi (Urban),Karachi,7th Sem,Not Available,82,58min,3h to 5h,3h to 4h,1h to 2h,Family,Rented,Yes,Laptop,5th Sem,0,3.5
D- 19-18-17-CSE-33,Male,23,8,Alive,Labor,Govt.,Govt. Institute,Merit,Sindh (Rural),Umerkot,Kunri,7th Sem,Not Available,78,20min,5h to 8h,4h to 6h,1h to 2h,Bachelor,Rented,,"Mobile, Laptop",1st Sem,0,3
D- 19-18-17-CSE-33,Male,23,8,Alive,Labor,Govt.,Govt. Institute,Merit,Sindh (Rural),Umerkot,Kunri,7th Sem,Not Available,78,20min,5h to 8h,4h to 6h,1h to 2h,Bachelor,Rented,,"Mobile, Laptop",2nd Sem,0,2.7
D- 19-18-17-CSE-33,Male,23,8,Alive,Labor,Govt.,Govt. Institute,Merit,Sindh (Rural),Umerkot,Kunri,7th Sem,Not Available,78,20min,5h to 8h,4h to 6h,1h to 2h,Bachelor,Rented,,"Mobile, Laptop",3rd Sem,0,2.5
D- 19-18-17-CSE-33,Male,23,8,Alive,Labor,Govt.,Govt. Institute,Merit,Sindh (Rural),Umerkot,Kunri,7th Sem,Not Available,78,20min,5h to 8h,4h to 6h,1h to 2h,Bachelor,Rented,,"Mobile, Laptop",4th Sem,0,2.4
D- 19-18-17-CSE-33,Male,23,8,Alive,Labor,Govt.,Govt. Institute,Merit,Sindh (Rural),Umerkot,Kunri,7th Sem,Not Available,78,20min,1h to 1.5h,3h to 4h,4h to 6h,Bachelor,Rented,,"Mobile, Laptop",5th Sem,1,2.65
